"candidate_id","station","question_id","score","max_score","examiner_id"
"C0001","01 History Taking","S01-Q1",4,4,"E10"
"C0001","01 History Taking","S01-Q2",4,4,"E11"
"C0001","01 History Taking","S01-Q3",4,4,"E08"
"C0001","01 History Taking","S01-Q4",1,4,"E05"
"C0001","01 History Taking","S01-Q5",3,4,"E05"
"C0001","02 Cardio Exam","S02-Q1",3,4,"E02"
"C0001","02 Cardio Exam","S02-Q2",4,4,"E12"
"C0001","02 Cardio Exam","S02-Q3",4,4,"E02"
"C0001","02 Cardio Exam","S02-Q4",2,4,"E05"
"C0001","02 Cardio Exam","S02-Q5",3,4,"E12"
"C0001","03 Resp Exam","S03-Q1",2,4,"E10"
"C0001","03 Resp Exam","S03-Q2",3,4,"E07"
"C0001","03 Resp Exam","S03-Q3",4,4,"E05"
"C0001","03 Resp Exam","S03-Q4",2,4,"E09"
"C0001","03 Resp Exam","S03-Q5",3,4,"E10"
"C0001","04 Abdo Exam","S04-Q1",3,4,"E03"
"C0001","04 Abdo Exam","S04-Q2",1,4,"E12"
"C0001","04 Abdo Exam","S04-Q3",1,4,"E04"
"C0001","04 Abdo Exam","S04-Q4",4,4,"E05"
"C0001","04 Abdo Exam","S04-Q5",2,4,"E10"
"C0001","05 Neuro Exam","S05-Q1",4,4,"E09"
"C0001","05 Neuro Exam","S05-Q2",3,4,"E01"
"C0001","05 Neuro Exam","S05-Q3",4,4,"E02"
"C0001","05 Neuro Exam","S05-Q4",3,4,"E09"
"C0001","05 Neuro Exam","S05-Q5",1,4,"E11"
"C0001","06 Communication","S06-Q1",2,4,"E11"
"C0001","06 Communication","S06-Q2",3,4,"E01"
"C0001","06 Communication","S06-Q3",4,4,"E09"
"C0001","06 Communication","S06-Q4",2,4,"E07"
"C0001","06 Communication","S06-Q5",4,4,"E07"
"C0001","07 Prescribing","S07-Q1",3,4,"E04"
"C0001","07 Prescribing","S07-Q2",4,4,"E03"
"C0001","07 Prescribing","S07-Q3",1,4,"E04"
"C0001","07 Prescribing","S07-Q4",3,4,"E03"
"C0001","07 Prescribing","S07-Q5",3,4,"E04"
"C0001","08 Data Interp","S08-Q1",4,4,"E11"
"C0001","08 Data Interp","S08-Q2",4,4,"E04"
"C0001","08 Data Interp","S08-Q3",3,4,"E04"
"C0001","08 Data Interp","S08-Q4",4,4,"E01"
"C0001","08 Data Interp","S08-Q5",2,4,"E02"
"C0001","09 Practical Skills","S09-Q1",4,4,"E10"
"C0001","09 Practical Skills","S09-Q2",3,4,"E04"
"C0001","09 Practical Skills","S09-Q3",2,4,"E06"
"C0001","09 Practical Skills","S09-Q4",3,4,"E11"
"C0001","09 Practical Skills","S09-Q5",2,4,"E06"
"C0001","10 Ethics","S10-Q1",2,4,"E10"
"C0001","10 Ethics","S10-Q2",4,4,"E04"
"C0001","10 Ethics","S10-Q3",2,4,"E09"
"C0001","10 Ethics","S10-Q4",3,4,"E11"
"C0001","10 Ethics","S10-Q5",4,4,"E01"
"C0002","01 History Taking","S01-Q1",2,4,"E03"
"C0002","01 History Taking","S01-Q2",1,4,"E08"
"C0002","01 History Taking","S01-Q3",3,4,"E01"
"C0002","01 History Taking","S01-Q4",3,4,"E11"
"C0002","01 History Taking","S01-Q5",0,4,"E10"
"C0002","02 Cardio Exam","S02-Q1",1,4,"E02"
"C0002","02 Cardio Exam","S02-Q2",1,4,"E02"
"C0002","02 Cardio Exam","S02-Q3",2,4,"E09"
"C0002","02 Cardio Exam","S02-Q4",0,4,"E02"
"C0002","02 Cardio Exam","S02-Q5",3,4,"E07"
"C0002","03 Resp Exam","S03-Q1",1,4,"E05"
"C0002","03 Resp Exam","S03-Q2",2,4,"E01"
"C0002","03 Resp Exam","S03-Q3",4,4,"E10"
"C0002","03 Resp Exam","S03-Q4",1,4,"E03"
"C0002","03 Resp Exam","S03-Q5",1,4,"E03"
"C0002","04 Abdo Exam","S04-Q1",2,4,"E09"
"C0002","04 Abdo Exam","S04-Q2",2,4,"E08"
"C0002","04 Abdo Exam","S04-Q3",0,4,"E05"
"C0002","04 Abdo Exam","S04-Q4",2,4,"E07"
"C0002","04 Abdo Exam","S04-Q5",1,4,"E02"
"C0002","05 Neuro Exam","S05-Q1",1,4,"E01"
"C0002","05 Neuro Exam","S05-Q2",0,4,"E08"
"C0002","05 Neuro Exam","S05-Q3",1,4,"E02"
"C0002","05 Neuro Exam","S05-Q4",2,4,"E05"
"C0002","05 Neuro Exam","S05-Q5",1,4,"E09"
"C0002","06 Communication","S06-Q1",1,4,"E02"
"C0002","06 Communication","S06-Q2",0,4,"E03"
"C0002","06 Communication","S06-Q3",1,4,"E04"
"C0002","06 Communication","S06-Q4",1,4,"E09"
"C0002","06 Communication","S06-Q5",2,4,"E08"
"C0002","07 Prescribing","S07-Q1",4,4,"E06"
"C0002","07 Prescribing","S07-Q2",1,4,"E09"
"C0002","07 Prescribing","S07-Q3",1,4,"E06"
"C0002","07 Prescribing","S07-Q4",3,4,"E06"
"C0002","07 Prescribing","S07-Q5",0,4,"E05"
"C0002","08 Data Interp","S08-Q1",2,4,"E07"
"C0002","08 Data Interp","S08-Q2",1,4,"E09"
"C0002","08 Data Interp","S08-Q3",3,4,"E11"
"C0002","08 Data Interp","S08-Q4",2,4,"E12"
"C0002","08 Data Interp","S08-Q5",4,4,"E06"
"C0002","09 Practical Skills","S09-Q1",4,4,"E08"
"C0002","09 Practical Skills","S09-Q2",3,4,"E08"
"C0002","09 Practical Skills","S09-Q3",3,4,"E10"
"C0002","09 Practical Skills","S09-Q4",1,4,"E10"
"C0002","09 Practical Skills","S09-Q5",2,4,"E07"
"C0002","10 Ethics","S10-Q1",1,4,"E08"
"C0002","10 Ethics","S10-Q2",2,4,"E12"
"C0002","10 Ethics","S10-Q3",3,4,"E11"
"C0002","10 Ethics","S10-Q4",4,4,"E04"
"C0002","10 Ethics","S10-Q5",2,4,"E11"
"C0003","01 History Taking","S01-Q1",2,4,"E03"
"C0003","01 History Taking","S01-Q2",2,4,"E04"
"C0003","01 History Taking","S01-Q3",3,4,"E07"
"C0003","01 History Taking","S01-Q4",0,4,"E01"
"C0003","01 History Taking","S01-Q5",3,4,"E12"
"C0003","02 Cardio Exam","S02-Q1",4,4,"E09"
"C0003","02 Cardio Exam","S02-Q2",1,4,"E01"
"C0003","02 Cardio Exam","S02-Q3",4,4,"E11"
"C0003","02 Cardio Exam","S02-Q4",4,4,"E07"
"C0003","02 Cardio Exam","S02-Q5",2,4,"E04"
"C0003","03 Resp Exam","S03-Q1",1,4,"E12"
"C0003","03 Resp Exam","S03-Q2",2,4,"E08"
"C0003","03 Resp Exam","S03-Q3",2,4,"E03"
"C0003","03 Resp Exam","S03-Q4",1,4,"E12"
"C0003","03 Resp Exam","S03-Q5",0,4,"E03"
"C0003","04 Abdo Exam","S04-Q1",3,4,"E08"
"C0003","04 Abdo Exam","S04-Q2",1,4,"E12"
"C0003","04 Abdo Exam","S04-Q3",0,4,"E05"
"C0003","04 Abdo Exam","S04-Q4",3,4,"E09"
"C0003","04 Abdo Exam","S04-Q5",0,4,"E05"
"C0003","05 Neuro Exam","S05-Q1",2,4,"E08"
"C0003","05 Neuro Exam","S05-Q2",2,4,"E07"
"C0003","05 Neuro Exam","S05-Q3",3,4,"E09"
"C0003","05 Neuro Exam","S05-Q4",3,4,"E04"
"C0003","05 Neuro Exam","S05-Q5",2,4,"E05"
"C0003","06 Communication","S06-Q1",1,4,"E07"
"C0003","06 Communication","S06-Q2",3,4,"E09"
"C0003","06 Communication","S06-Q3",4,4,"E08"
"C0003","06 Communication","S06-Q4",2,4,"E06"
"C0003","06 Communication","S06-Q5",4,4,"E04"
"C0003","07 Prescribing","S07-Q1",3,4,"E03"
"C0003","07 Prescribing","S07-Q2",2,4,"E05"
"C0003","07 Prescribing","S07-Q3",1,4,"E07"
"C0003","07 Prescribing","S07-Q4",2,4,"E03"
"C0003","07 Prescribing","S07-Q5",3,4,"E12"
"C0003","08 Data Interp","S08-Q1",4,4,"E03"
"C0003","08 Data Interp","S08-Q2",2,4,"E01"
"C0003","08 Data Interp","S08-Q3",1,4,"E12"
"C0003","08 Data Interp","S08-Q4",3,4,"E12"
"C0003","08 Data Interp","S08-Q5",0,4,"E07"
"C0003","09 Practical Skills","S09-Q1",0,4,"E02"
"C0003","09 Practical Skills","S09-Q2",4,4,"E11"
"C0003","09 Practical Skills","S09-Q3",1,4,"E06"
"C0003","09 Practical Skills","S09-Q4",3,4,"E11"
"C0003","09 Practical Skills","S09-Q5",2,4,"E05"
"C0003","10 Ethics","S10-Q1",4,4,"E07"
"C0003","10 Ethics","S10-Q2",2,4,"E01"
"C0003","10 Ethics","S10-Q3",2,4,"E05"
"C0003","10 Ethics","S10-Q4",1,4,"E08"
"C0003","10 Ethics","S10-Q5",2,4,"E03"
"C0004","01 History Taking","S01-Q1",4,4,"E09"
"C0004","01 History Taking","S01-Q2",3,4,"E05"
"C0004","01 History Taking","S01-Q3",3,4,"E10"
"C0004","01 History Taking","S01-Q4",2,4,"E12"
"C0004","01 History Taking","S01-Q5",1,4,"E12"
"C0004","02 Cardio Exam","S02-Q1",3,4,"E07"
"C0004","02 Cardio Exam","S02-Q2",1,4,"E02"
"C0004","02 Cardio Exam","S02-Q3",3,4,"E05"
"C0004","02 Cardio Exam","S02-Q4",4,4,"E01"
"C0004","02 Cardio Exam","S02-Q5",1,4,"E12"
"C0004","03 Resp Exam","S03-Q1",3,4,"E01"
"C0004","03 Resp Exam","S03-Q2",1,4,"E08"
"C0004","03 Resp Exam","S03-Q3",4,4,"E06"
"C0004","03 Resp Exam","S03-Q4",0,4,"E12"
"C0004","03 Resp Exam","S03-Q5",4,4,"E08"
"C0004","04 Abdo Exam","S04-Q1",4,4,"E05"
"C0004","04 Abdo Exam","S04-Q2",0,4,"E01"
"C0004","04 Abdo Exam","S04-Q3",1,4,"E08"
"C0004","04 Abdo Exam","S04-Q4",3,4,"E10"
"C0004","04 Abdo Exam","S04-Q5",1,4,"E06"
"C0004","05 Neuro Exam","S05-Q1",3,4,"E06"
"C0004","05 Neuro Exam","S05-Q2",2,4,"E11"
"C0004","05 Neuro Exam","S05-Q3",1,4,"E09"
"C0004","05 Neuro Exam","S05-Q4",3,4,"E01"
"C0004","05 Neuro Exam","S05-Q5",2,4,"E11"
"C0004","06 Communication","S06-Q1",1,4,"E10"
"C0004","06 Communication","S06-Q2",2,4,"E01"
"C0004","06 Communication","S06-Q3",2,4,"E09"
"C0004","06 Communication","S06-Q4",3,4,"E06"
"C0004","06 Communication","S06-Q5",3,4,"E03"
"C0004","07 Prescribing","S07-Q1",3,4,"E09"
"C0004","07 Prescribing","S07-Q2",4,4,"E01"
"C0004","07 Prescribing","S07-Q3",0,4,"E03"
"C0004","07 Prescribing","S07-Q4",4,4,"E06"
"C0004","07 Prescribing","S07-Q5",0,4,"E03"
"C0004","08 Data Interp","S08-Q1",3,4,"E01"
"C0004","08 Data Interp","S08-Q2",2,4,"E01"
"C0004","08 Data Interp","S08-Q3",4,4,"E11"
"C0004","08 Data Interp","S08-Q4",4,4,"E04"
"C0004","08 Data Interp","S08-Q5",1,4,"E07"
"C0004","09 Practical Skills","S09-Q1",1,4,"E03"
"C0004","09 Practical Skills","S09-Q2",4,4,"E08"
"C0004","09 Practical Skills","S09-Q3",2,4,"E11"
"C0004","09 Practical Skills","S09-Q4",1,4,"E02"
"C0004","09 Practical Skills","S09-Q5",3,4,"E05"
"C0004","10 Ethics","S10-Q1",3,4,"E03"
"C0004","10 Ethics","S10-Q2",4,4,"E01"
"C0004","10 Ethics","S10-Q3",3,4,"E05"
"C0004","10 Ethics","S10-Q4",2,4,"E05"
"C0004","10 Ethics","S10-Q5",3,4,"E05"
"C0005","01 History Taking","S01-Q1",4,4,"E11"
"C0005","01 History Taking","S01-Q2",3,4,"E07"
"C0005","01 History Taking","S01-Q3",4,4,"E04"
"C0005","01 History Taking","S01-Q4",4,4,"E11"
"C0005","01 History Taking","S01-Q5",4,4,"E08"
"C0005","02 Cardio Exam","S02-Q1",2,4,"E03"
"C0005","02 Cardio Exam","S02-Q2",3,4,"E04"
"C0005","02 Cardio Exam","S02-Q3",1,4,"E06"
"C0005","02 Cardio Exam","S02-Q4",2,4,"E10"
"C0005","02 Cardio Exam","S02-Q5",2,4,"E05"
"C0005","03 Resp Exam","S03-Q1",2,4,"E03"
"C0005","03 Resp Exam","S03-Q2",3,4,"E03"
"C0005","03 Resp Exam","S03-Q3",1,4,"E07"
"C0005","03 Resp Exam","S03-Q4",2,4,"E12"
"C0005","03 Resp Exam","S03-Q5",1,4,"E08"
"C0005","04 Abdo Exam","S04-Q1",3,4,"E07"
"C0005","04 Abdo Exam","S04-Q2",2,4,"E02"
"C0005","04 Abdo Exam","S04-Q3",2,4,"E01"
"C0005","04 Abdo Exam","S04-Q4",2,4,"E05"
"C0005","04 Abdo Exam","S04-Q5",2,4,"E07"
"C0005","05 Neuro Exam","S05-Q1",4,4,"E10"
"C0005","05 Neuro Exam","S05-Q2",3,4,"E06"
"C0005","05 Neuro Exam","S05-Q3",2,4,"E03"
"C0005","05 Neuro Exam","S05-Q4",3,4,"E07"
"C0005","05 Neuro Exam","S05-Q5",1,4,"E07"
"C0005","06 Communication","S06-Q1",0,4,"E04"
"C0005","06 Communication","S06-Q2",2,4,"E07"
"C0005","06 Communication","S06-Q3",0,4,"E09"
"C0005","06 Communication","S06-Q4",3,4,"E09"
"C0005","06 Communication","S06-Q5",3,4,"E08"
"C0005","07 Prescribing","S07-Q1",1,4,"E12"
"C0005","07 Prescribing","S07-Q2",1,4,"E09"
"C0005","07 Prescribing","S07-Q3",1,4,"E08"
"C0005","07 Prescribing","S07-Q4",2,4,"E11"
"C0005","07 Prescribing","S07-Q5",4,4,"E09"
"C0005","08 Data Interp","S08-Q1",4,4,"E03"
"C0005","08 Data Interp","S08-Q2",3,4,"E11"
"C0005","08 Data Interp","S08-Q3",4,4,"E11"
"C0005","08 Data Interp","S08-Q4",4,4,"E04"
"C0005","08 Data Interp","S08-Q5",2,4,"E05"
"C0005","09 Practical Skills","S09-Q1",2,4,"E10"
"C0005","09 Practical Skills","S09-Q2",2,4,"E08"
"C0005","09 Practical Skills","S09-Q3",3,4,"E12"
"C0005","09 Practical Skills","S09-Q4",3,4,"E05"
"C0005","09 Practical Skills","S09-Q5",3,4,"E12"
"C0005","10 Ethics","S10-Q1",1,4,"E02"
"C0005","10 Ethics","S10-Q2",4,4,"E01"
"C0005","10 Ethics","S10-Q3",2,4,"E01"
"C0005","10 Ethics","S10-Q4",3,4,"E03"
"C0005","10 Ethics","S10-Q5",3,4,"E04"
"C0006","01 History Taking","S01-Q1",4,4,"E04"
"C0006","01 History Taking","S01-Q2",2,4,"E03"
"C0006","01 History Taking","S01-Q3",2,4,"E07"
"C0006","01 History Taking","S01-Q4",2,4,"E08"
"C0006","01 History Taking","S01-Q5",3,4,"E09"
"C0006","02 Cardio Exam","S02-Q1",3,4,"E02"
"C0006","02 Cardio Exam","S02-Q2",4,4,"E01"
"C0006","02 Cardio Exam","S02-Q3",4,4,"E07"
"C0006","02 Cardio Exam","S02-Q4",2,4,"E11"
"C0006","02 Cardio Exam","S02-Q5",1,4,"E12"
"C0006","03 Resp Exam","S03-Q1",3,4,"E07"
"C0006","03 Resp Exam","S03-Q2",3,4,"E10"
"C0006","03 Resp Exam","S03-Q3",2,4,"E09"
"C0006","03 Resp Exam","S03-Q4",3,4,"E09"
"C0006","03 Resp Exam","S03-Q5",2,4,"E04"
"C0006","04 Abdo Exam","S04-Q1",4,4,"E12"
"C0006","04 Abdo Exam","S04-Q2",4,4,"E03"
"C0006","04 Abdo Exam","S04-Q3",0,4,"E01"
"C0006","04 Abdo Exam","S04-Q4",2,4,"E06"
"C0006","04 Abdo Exam","S04-Q5",3,4,"E04"
"C0006","05 Neuro Exam","S05-Q1",0,4,"E06"
"C0006","05 Neuro Exam","S05-Q2",3,4,"E03"
"C0006","05 Neuro Exam","S05-Q3",3,4,"E05"
"C0006","05 Neuro Exam","S05-Q4",0,4,"E05"
"C0006","05 Neuro Exam","S05-Q5",3,4,"E09"
"C0006","06 Communication","S06-Q1",1,4,"E03"
"C0006","06 Communication","S06-Q2",2,4,"E02"
"C0006","06 Communication","S06-Q3",1,4,"E03"
"C0006","06 Communication","S06-Q4",2,4,"E09"
"C0006","06 Communication","S06-Q5",1,4,"E03"
"C0006","07 Prescribing","S07-Q1",0,4,"E04"
"C0006","07 Prescribing","S07-Q2",2,4,"E09"
"C0006","07 Prescribing","S07-Q3",0,4,"E03"
"C0006","07 Prescribing","S07-Q4",3,4,"E09"
"C0006","07 Prescribing","S07-Q5",4,4,"E10"
"C0006","08 Data Interp","S08-Q1",1,4,"E06"
"C0006","08 Data Interp","S08-Q2",0,4,"E10"
"C0006","08 Data Interp","S08-Q3",4,4,"E07"
"C0006","08 Data Interp","S08-Q4",3,4,"E08"
"C0006","08 Data Interp","S08-Q5",1,4,"E06"
"C0006","09 Practical Skills","S09-Q1",0,4,"E04"
"C0006","09 Practical Skills","S09-Q2",4,4,"E04"
"C0006","09 Practical Skills","S09-Q3",0,4,"E12"
"C0006","09 Practical Skills","S09-Q4",1,4,"E07"
"C0006","09 Practical Skills","S09-Q5",2,4,"E11"
"C0006","10 Ethics","S10-Q1",1,4,"E02"
"C0006","10 Ethics","S10-Q2",3,4,"E06"
"C0006","10 Ethics","S10-Q3",3,4,"E07"
"C0006","10 Ethics","S10-Q4",2,4,"E01"
"C0006","10 Ethics","S10-Q5",4,4,"E04"
"C0007","01 History Taking","S01-Q1",3,4,"E01"
"C0007","01 History Taking","S01-Q2",4,4,"E02"
"C0007","01 History Taking","S01-Q3",4,4,"E06"
"C0007","01 History Taking","S01-Q4",4,4,"E03"
"C0007","01 History Taking","S01-Q5",3,4,"E02"
"C0007","02 Cardio Exam","S02-Q1",4,4,"E06"
"C0007","02 Cardio Exam","S02-Q2",4,4,"E04"
"C0007","02 Cardio Exam","S02-Q3",4,4,"E08"
"C0007","02 Cardio Exam","S02-Q4",3,4,"E11"
"C0007","02 Cardio Exam","S02-Q5",3,4,"E03"
"C0007","03 Resp Exam","S03-Q1",1,4,"E12"
"C0007","03 Resp Exam","S03-Q2",3,4,"E12"
"C0007","03 Resp Exam","S03-Q3",3,4,"E10"
"C0007","03 Resp Exam","S03-Q4",2,4,"E06"
"C0007","03 Resp Exam","S03-Q5",4,4,"E09"
"C0007","04 Abdo Exam","S04-Q1",4,4,"E06"
"C0007","04 Abdo Exam","S04-Q2",3,4,"E08"
"C0007","04 Abdo Exam","S04-Q3",2,4,"E01"
"C0007","04 Abdo Exam","S04-Q4",1,4,"E10"
"C0007","04 Abdo Exam","S04-Q5",2,4,"E05"
"C0007","05 Neuro Exam","S05-Q1",4,4,"E12"
"C0007","05 Neuro Exam","S05-Q2",3,4,"E12"
"C0007","05 Neuro Exam","S05-Q3",4,4,"E09"
"C0007","05 Neuro Exam","S05-Q4",2,4,"E02"
"C0007","05 Neuro Exam","S05-Q5",4,4,"E12"
"C0007","06 Communication","S06-Q1",2,4,"E02"
"C0007","06 Communication","S06-Q2",3,4,"E08"
"C0007","06 Communication","S06-Q3",3,4,"E04"
"C0007","06 Communication","S06-Q4",1,4,"E04"
"C0007","06 Communication","S06-Q5",4,4,"E03"
"C0007","07 Prescribing","S07-Q1",3,4,"E01"
"C0007","07 Prescribing","S07-Q2",4,4,"E12"
"C0007","07 Prescribing","S07-Q3",0,4,"E03"
"C0007","07 Prescribing","S07-Q4",3,4,"E09"
"C0007","07 Prescribing","S07-Q5",4,4,"E08"
"C0007","08 Data Interp","S08-Q1",4,4,"E09"
"C0007","08 Data Interp","S08-Q2",3,4,"E02"
"C0007","08 Data Interp","S08-Q3",2,4,"E08"
"C0007","08 Data Interp","S08-Q4",2,4,"E08"
"C0007","08 Data Interp","S08-Q5",1,4,"E06"
"C0007","09 Practical Skills","S09-Q1",3,4,"E06"
"C0007","09 Practical Skills","S09-Q2",4,4,"E01"
"C0007","09 Practical Skills","S09-Q3",4,4,"E08"
"C0007","09 Practical Skills","S09-Q4",3,4,"E07"
"C0007","09 Practical Skills","S09-Q5",3,4,"E01"
"C0007","10 Ethics","S10-Q1",4,4,"E08"
"C0007","10 Ethics","S10-Q2",4,4,"E07"
"C0007","10 Ethics","S10-Q3",4,4,"E06"
"C0007","10 Ethics","S10-Q4",4,4,"E02"
"C0007","10 Ethics","S10-Q5",3,4,"E02"
"C0008","01 History Taking","S01-Q1",4,4,"E05"
"C0008","01 History Taking","S01-Q2",3,4,"E05"
"C0008","01 History Taking","S01-Q3",2,4,"E10"
"C0008","01 History Taking","S01-Q4",1,4,"E03"
"C0008","01 History Taking","S01-Q5",2,4,"E07"
"C0008","02 Cardio Exam","S02-Q1",2,4,"E01"
"C0008","02 Cardio Exam","S02-Q2",2,4,"E09"
"C0008","02 Cardio Exam","S02-Q3",2,4,"E09"
"C0008","02 Cardio Exam","S02-Q4",3,4,"E05"
"C0008","02 Cardio Exam","S02-Q5",1,4,"E04"
"C0008","03 Resp Exam","S03-Q1",1,4,"E05"
"C0008","03 Resp Exam","S03-Q2",1,4,"E12"
"C0008","03 Resp Exam","S03-Q3",1,4,"E04"
"C0008","03 Resp Exam","S03-Q4",1,4,"E06"
"C0008","03 Resp Exam","S03-Q5",0,4,"E06"
"C0008","04 Abdo Exam","S04-Q1",1,4,"E09"
"C0008","04 Abdo Exam","S04-Q2",0,4,"E04"
"C0008","04 Abdo Exam","S04-Q3",1,4,"E10"
"C0008","04 Abdo Exam","S04-Q4",2,4,"E06"
"C0008","04 Abdo Exam","S04-Q5",2,4,"E05"
"C0008","05 Neuro Exam","S05-Q1",1,4,"E07"
"C0008","05 Neuro Exam","S05-Q2",4,4,"E06"
"C0008","05 Neuro Exam","S05-Q3",3,4,"E07"
"C0008","05 Neuro Exam","S05-Q4",1,4,"E07"
"C0008","05 Neuro Exam","S05-Q5",2,4,"E08"
"C0008","06 Communication","S06-Q1",1,4,"E10"
"C0008","06 Communication","S06-Q2",3,4,"E07"
"C0008","06 Communication","S06-Q3",1,4,"E08"
"C0008","06 Communication","S06-Q4",1,4,"E05"
"C0008","06 Communication","S06-Q5",2,4,"E05"
"C0008","07 Prescribing","S07-Q1",3,4,"E04"
"C0008","07 Prescribing","S07-Q2",2,4,"E08"
"C0008","07 Prescribing","S07-Q3",0,4,"E12"
"C0008","07 Prescribing","S07-Q4",2,4,"E11"
"C0008","07 Prescribing","S07-Q5",4,4,"E01"
"C0008","08 Data Interp","S08-Q1",2,4,"E05"
"C0008","08 Data Interp","S08-Q2",1,4,"E05"
"C0008","08 Data Interp","S08-Q3",2,4,"E11"
"C0008","08 Data Interp","S08-Q4",2,4,"E03"
"C0008","08 Data Interp","S08-Q5",1,4,"E10"
"C0008","09 Practical Skills","S09-Q1",2,4,"E10"
"C0008","09 Practical Skills","S09-Q2",4,4,"E06"
"C0008","09 Practical Skills","S09-Q3",0,4,"E06"
"C0008","09 Practical Skills","S09-Q4",2,4,"E09"
"C0008","09 Practical Skills","S09-Q5",2,4,"E01"
"C0008","10 Ethics","S10-Q1",0,4,"E09"
"C0008","10 Ethics","S10-Q2",1,4,"E12"
"C0008","10 Ethics","S10-Q3",3,4,"E05"
"C0008","10 Ethics","S10-Q4",3,4,"E05"
"C0008","10 Ethics","S10-Q5",2,4,"E02"
"C0009","01 History Taking","S01-Q1",3,4,"E02"
"C0009","01 History Taking","S01-Q2",4,4,"E01"
"C0009","01 History Taking","S01-Q3",3,4,"E09"
"C0009","01 History Taking","S01-Q4",4,4,"E01"
"C0009","01 History Taking","S01-Q5",4,4,"E10"
"C0009","02 Cardio Exam","S02-Q1",4,4,"E02"
"C0009","02 Cardio Exam","S02-Q2",3,4,"E04"
"C0009","02 Cardio Exam","S02-Q3",4,4,"E01"
"C0009","02 Cardio Exam","S02-Q4",4,4,"E04"
"C0009","02 Cardio Exam","S02-Q5",4,4,"E09"
"C0009","03 Resp Exam","S03-Q1",2,4,"E10"
"C0009","03 Resp Exam","S03-Q2",4,4,"E04"
"C0009","03 Resp Exam","S03-Q3",3,4,"E07"
"C0009","03 Resp Exam","S03-Q4",4,4,"E03"
"C0009","03 Resp Exam","S03-Q5",4,4,"E07"
"C0009","04 Abdo Exam","S04-Q1",4,4,"E09"
"C0009","04 Abdo Exam","S04-Q2",4,4,"E08"
"C0009","04 Abdo Exam","S04-Q3",2,4,"E07"
"C0009","04 Abdo Exam","S04-Q4",3,4,"E09"
"C0009","04 Abdo Exam","S04-Q5",4,4,"E10"
"C0009","05 Neuro Exam","S05-Q1",4,4,"E03"
"C0009","05 Neuro Exam","S05-Q2",4,4,"E07"
"C0009","05 Neuro Exam","S05-Q3",4,4,"E08"
"C0009","05 Neuro Exam","S05-Q4",4,4,"E04"
"C0009","05 Neuro Exam","S05-Q5",3,4,"E12"
"C0009","06 Communication","S06-Q1",3,4,"E05"
"C0009","06 Communication","S06-Q2",2,4,"E12"
"C0009","06 Communication","S06-Q3",4,4,"E06"
"C0009","06 Communication","S06-Q4",1,4,"E02"
"C0009","06 Communication","S06-Q5",4,4,"E03"
"C0009","07 Prescribing","S07-Q1",4,4,"E04"
"C0009","07 Prescribing","S07-Q2",4,4,"E11"
"C0009","07 Prescribing","S07-Q3",2,4,"E02"
"C0009","07 Prescribing","S07-Q4",3,4,"E06"
"C0009","07 Prescribing","S07-Q5",4,4,"E05"
"C0009","08 Data Interp","S08-Q1",4,4,"E06"
"C0009","08 Data Interp","S08-Q2",1,4,"E11"
"C0009","08 Data Interp","S08-Q3",4,4,"E10"
"C0009","08 Data Interp","S08-Q4",3,4,"E01"
"C0009","08 Data Interp","S08-Q5",3,4,"E03"
"C0009","09 Practical Skills","S09-Q1",4,4,"E04"
"C0009","09 Practical Skills","S09-Q2",4,4,"E12"
"C0009","09 Practical Skills","S09-Q3",3,4,"E04"
"C0009","09 Practical Skills","S09-Q4",4,4,"E07"
"C0009","09 Practical Skills","S09-Q5",2,4,"E11"
"C0009","10 Ethics","S10-Q1",3,4,"E10"
"C0009","10 Ethics","S10-Q2",4,4,"E04"
"C0009","10 Ethics","S10-Q3",4,4,"E01"
"C0009","10 Ethics","S10-Q4",3,4,"E04"
"C0009","10 Ethics","S10-Q5",4,4,"E06"
"C0010","01 History Taking","S01-Q1",2,4,"E11"
"C0010","01 History Taking","S01-Q2",3,4,"E09"
"C0010","01 History Taking","S01-Q3",3,4,"E11"
"C0010","01 History Taking","S01-Q4",2,4,"E08"
"C0010","01 History Taking","S01-Q5",3,4,"E02"
"C0010","02 Cardio Exam","S02-Q1",0,4,"E08"
"C0010","02 Cardio Exam","S02-Q2",2,4,"E05"
"C0010","02 Cardio Exam","S02-Q3",2,4,"E12"
"C0010","02 Cardio Exam","S02-Q4",1,4,"E07"
"C0010","02 Cardio Exam","S02-Q5",3,4,"E01"
"C0010","03 Resp Exam","S03-Q1",4,4,"E03"
"C0010","03 Resp Exam","S03-Q2",0,4,"E02"
"C0010","03 Resp Exam","S03-Q3",2,4,"E02"
"C0010","03 Resp Exam","S03-Q4",0,4,"E03"
"C0010","03 Resp Exam","S03-Q5",0,4,"E11"
"C0010","04 Abdo Exam","S04-Q1",3,4,"E09"
"C0010","04 Abdo Exam","S04-Q2",3,4,"E04"
"C0010","04 Abdo Exam","S04-Q3",0,4,"E07"
"C0010","04 Abdo Exam","S04-Q4",2,4,"E02"
"C0010","04 Abdo Exam","S04-Q5",2,4,"E02"
"C0010","05 Neuro Exam","S05-Q1",3,4,"E04"
"C0010","05 Neuro Exam","S05-Q2",4,4,"E04"
"C0010","05 Neuro Exam","S05-Q3",1,4,"E02"
"C0010","05 Neuro Exam","S05-Q4",2,4,"E06"
"C0010","05 Neuro Exam","S05-Q5",2,4,"E02"
"C0010","06 Communication","S06-Q1",2,4,"E12"
"C0010","06 Communication","S06-Q2",3,4,"E06"
"C0010","06 Communication","S06-Q3",1,4,"E01"
"C0010","06 Communication","S06-Q4",1,4,"E07"
"C0010","06 Communication","S06-Q5",2,4,"E06"
"C0010","07 Prescribing","S07-Q1",3,4,"E10"
"C0010","07 Prescribing","S07-Q2",2,4,"E09"
"C0010","07 Prescribing","S07-Q3",2,4,"E01"
"C0010","07 Prescribing","S07-Q4",2,4,"E07"
"C0010","07 Prescribing","S07-Q5",2,4,"E02"
"C0010","08 Data Interp","S08-Q1",1,4,"E10"
"C0010","08 Data Interp","S08-Q2",0,4,"E07"
"C0010","08 Data Interp","S08-Q3",1,4,"E06"
"C0010","08 Data Interp","S08-Q4",3,4,"E05"
"C0010","08 Data Interp","S08-Q5",1,4,"E08"
"C0010","09 Practical Skills","S09-Q1",3,4,"E09"
"C0010","09 Practical Skills","S09-Q2",3,4,"E06"
"C0010","09 Practical Skills","S09-Q3",1,4,"E09"
"C0010","09 Practical Skills","S09-Q4",0,4,"E09"
"C0010","09 Practical Skills","S09-Q5",2,4,"E05"
"C0010","10 Ethics","S10-Q1",1,4,"E11"
"C0010","10 Ethics","S10-Q2",1,4,"E12"
"C0010","10 Ethics","S10-Q3",4,4,"E12"
"C0010","10 Ethics","S10-Q4",3,4,"E09"
"C0010","10 Ethics","S10-Q5",1,4,"E12"
"C0011","01 History Taking","S01-Q1",4,4,"E12"
"C0011","01 History Taking","S01-Q2",4,4,"E04"
"C0011","01 History Taking","S01-Q3",3,4,"E06"
"C0011","01 History Taking","S01-Q4",4,4,"E05"
"C0011","01 History Taking","S01-Q5",1,4,"E11"
"C0011","02 Cardio Exam","S02-Q1",4,4,"E01"
"C0011","02 Cardio Exam","S02-Q2",1,4,"E06"
"C0011","02 Cardio Exam","S02-Q3",4,4,"E11"
"C0011","02 Cardio Exam","S02-Q4",4,4,"E08"
"C0011","02 Cardio Exam","S02-Q5",1,4,"E10"
"C0011","03 Resp Exam","S03-Q1",3,4,"E02"
"C0011","03 Resp Exam","S03-Q2",3,4,"E03"
"C0011","03 Resp Exam","S03-Q3",4,4,"E10"
"C0011","03 Resp Exam","S03-Q4",2,4,"E05"
"C0011","03 Resp Exam","S03-Q5",1,4,"E03"
"C0011","04 Abdo Exam","S04-Q1",4,4,"E05"
"C0011","04 Abdo Exam","S04-Q2",1,4,"E06"
"C0011","04 Abdo Exam","S04-Q3",2,4,"E08"
"C0011","04 Abdo Exam","S04-Q4",3,4,"E03"
"C0011","04 Abdo Exam","S04-Q5",2,4,"E11"
"C0011","05 Neuro Exam","S05-Q1",2,4,"E05"
"C0011","05 Neuro Exam","S05-Q2",4,4,"E12"
"C0011","05 Neuro Exam","S05-Q3",4,4,"E04"
"C0011","05 Neuro Exam","S05-Q4",4,4,"E01"
"C0011","05 Neuro Exam","S05-Q5",4,4,"E11"
"C0011","06 Communication","S06-Q1",4,4,"E04"
"C0011","06 Communication","S06-Q2",1,4,"E11"
"C0011","06 Communication","S06-Q3",3,4,"E09"
"C0011","06 Communication","S06-Q4",4,4,"E01"
"C0011","06 Communication","S06-Q5",3,4,"E03"
"C0011","07 Prescribing","S07-Q1",3,4,"E04"
"C0011","07 Prescribing","S07-Q2",3,4,"E02"
"C0011","07 Prescribing","S07-Q3",0,4,"E03"
"C0011","07 Prescribing","S07-Q4",4,4,"E10"
"C0011","07 Prescribing","S07-Q5",4,4,"E07"
"C0011","08 Data Interp","S08-Q1",4,4,"E11"
"C0011","08 Data Interp","S08-Q2",4,4,"E05"
"C0011","08 Data Interp","S08-Q3",3,4,"E11"
"C0011","08 Data Interp","S08-Q4",4,4,"E06"
"C0011","08 Data Interp","S08-Q5",3,4,"E01"
"C0011","09 Practical Skills","S09-Q1",2,4,"E08"
"C0011","09 Practical Skills","S09-Q2",3,4,"E05"
"C0011","09 Practical Skills","S09-Q3",4,4,"E04"
"C0011","09 Practical Skills","S09-Q4",3,4,"E11"
"C0011","09 Practical Skills","S09-Q5",4,4,"E11"
"C0011","10 Ethics","S10-Q1",4,4,"E06"
"C0011","10 Ethics","S10-Q2",4,4,"E08"
"C0011","10 Ethics","S10-Q3",3,4,"E04"
"C0011","10 Ethics","S10-Q4",1,4,"E05"
"C0011","10 Ethics","S10-Q5",4,4,"E05"
"C0012","01 History Taking","S01-Q1",4,4,"E04"
"C0012","01 History Taking","S01-Q2",4,4,"E03"
"C0012","01 History Taking","S01-Q3",4,4,"E06"
"C0012","01 History Taking","S01-Q4",4,4,"E09"
"C0012","01 History Taking","S01-Q5",4,4,"E08"
"C0012","02 Cardio Exam","S02-Q1",4,4,"E10"
"C0012","02 Cardio Exam","S02-Q2",3,4,"E02"
"C0012","02 Cardio Exam","S02-Q3",3,4,"E01"
"C0012","02 Cardio Exam","S02-Q4",4,4,"E01"
"C0012","02 Cardio Exam","S02-Q5",4,4,"E12"
"C0012","03 Resp Exam","S03-Q1",3,4,"E05"
"C0012","03 Resp Exam","S03-Q2",3,4,"E11"
"C0012","03 Resp Exam","S03-Q3",3,4,"E08"
"C0012","03 Resp Exam","S03-Q4",4,4,"E03"
"C0012","03 Resp Exam","S03-Q5",4,4,"E06"
"C0012","04 Abdo Exam","S04-Q1",3,4,"E09"
"C0012","04 Abdo Exam","S04-Q2",3,4,"E03"
"C0012","04 Abdo Exam","S04-Q3",4,4,"E03"
"C0012","04 Abdo Exam","S04-Q4",3,4,"E11"
"C0012","04 Abdo Exam","S04-Q5",0,4,"E06"
"C0012","05 Neuro Exam","S05-Q1",4,4,"E10"
"C0012","05 Neuro Exam","S05-Q2",3,4,"E04"
"C0012","05 Neuro Exam","S05-Q3",4,4,"E02"
"C0012","05 Neuro Exam","S05-Q4",4,4,"E12"
"C0012","05 Neuro Exam","S05-Q5",3,4,"E06"
"C0012","06 Communication","S06-Q1",3,4,"E01"
"C0012","06 Communication","S06-Q2",4,4,"E07"
"C0012","06 Communication","S06-Q3",4,4,"E11"
"C0012","06 Communication","S06-Q4",4,4,"E06"
"C0012","06 Communication","S06-Q5",4,4,"E06"
"C0012","07 Prescribing","S07-Q1",3,4,"E04"
"C0012","07 Prescribing","S07-Q2",4,4,"E03"
"C0012","07 Prescribing","S07-Q3",2,4,"E04"
"C0012","07 Prescribing","S07-Q4",1,4,"E10"
"C0012","07 Prescribing","S07-Q5",4,4,"E01"
"C0012","08 Data Interp","S08-Q1",4,4,"E11"
"C0012","08 Data Interp","S08-Q2",2,4,"E09"
"C0012","08 Data Interp","S08-Q3",3,4,"E03"
"C0012","08 Data Interp","S08-Q4",4,4,"E06"
"C0012","08 Data Interp","S08-Q5",3,4,"E08"
"C0012","09 Practical Skills","S09-Q1",4,4,"E08"
"C0012","09 Practical Skills","S09-Q2",4,4,"E07"
"C0012","09 Practical Skills","S09-Q3",3,4,"E08"
"C0012","09 Practical Skills","S09-Q4",4,4,"E01"
"C0012","09 Practical Skills","S09-Q5",3,4,"E04"
"C0012","10 Ethics","S10-Q1",3,4,"E02"
"C0012","10 Ethics","S10-Q2",4,4,"E06"
"C0012","10 Ethics","S10-Q3",3,4,"E12"
"C0012","10 Ethics","S10-Q4",4,4,"E12"
"C0012","10 Ethics","S10-Q5",4,4,"E06"
"C0013","01 History Taking","S01-Q1",3,4,"E08"
"C0013","01 History Taking","S01-Q2",3,4,"E06"
"C0013","01 History Taking","S01-Q3",1,4,"E10"
"C0013","01 History Taking","S01-Q4",2,4,"E11"
"C0013","01 History Taking","S01-Q5",0,4,"E09"
"C0013","02 Cardio Exam","S02-Q1",3,4,"E12"
"C0013","02 Cardio Exam","S02-Q2",0,4,"E09"
"C0013","02 Cardio Exam","S02-Q3",1,4,"E03"
"C0013","02 Cardio Exam","S02-Q4",1,4,"E05"
"C0013","02 Cardio Exam","S02-Q5",0,4,"E11"
"C0013","03 Resp Exam","S03-Q1",1,4,"E01"
"C0013","03 Resp Exam","S03-Q2",1,4,"E12"
"C0013","03 Resp Exam","S03-Q3",1,4,"E03"
"C0013","03 Resp Exam","S03-Q4",1,4,"E06"
"C0013","03 Resp Exam","S03-Q5",0,4,"E05"
"C0013","04 Abdo Exam","S04-Q1",2,4,"E04"
"C0013","04 Abdo Exam","S04-Q2",2,4,"E12"
"C0013","04 Abdo Exam","S04-Q3",1,4,"E01"
"C0013","04 Abdo Exam","S04-Q4",0,4,"E08"
"C0013","04 Abdo Exam","S04-Q5",0,4,"E02"
"C0013","05 Neuro Exam","S05-Q1",1,4,"E03"
"C0013","05 Neuro Exam","S05-Q2",2,4,"E05"
"C0013","05 Neuro Exam","S05-Q3",0,4,"E08"
"C0013","05 Neuro Exam","S05-Q4",0,4,"E06"
"C0013","05 Neuro Exam","S05-Q5",0,4,"E09"
"C0013","06 Communication","S06-Q1",0,4,"E02"
"C0013","06 Communication","S06-Q2",1,4,"E02"
"C0013","06 Communication","S06-Q3",2,4,"E06"
"C0013","06 Communication","S06-Q4",0,4,"E02"
"C0013","06 Communication","S06-Q5",4,4,"E10"
"C0013","07 Prescribing","S07-Q1",1,4,"E11"
"C0013","07 Prescribing","S07-Q2",2,4,"E09"
"C0013","07 Prescribing","S07-Q3",0,4,"E06"
"C0013","07 Prescribing","S07-Q4",2,4,"E10"
"C0013","07 Prescribing","S07-Q5",1,4,"E08"
"C0013","08 Data Interp","S08-Q1",1,4,"E07"
"C0013","08 Data Interp","S08-Q2",0,4,"E12"
"C0013","08 Data Interp","S08-Q3",1,4,"E12"
"C0013","08 Data Interp","S08-Q4",0,4,"E12"
"C0013","08 Data Interp","S08-Q5",1,4,"E05"
"C0013","09 Practical Skills","S09-Q1",2,4,"E03"
"C0013","09 Practical Skills","S09-Q2",2,4,"E07"
"C0013","09 Practical Skills","S09-Q3",1,4,"E07"
"C0013","09 Practical Skills","S09-Q4",2,4,"E02"
"C0013","09 Practical Skills","S09-Q5",0,4,"E07"
"C0013","10 Ethics","S10-Q1",1,4,"E05"
"C0013","10 Ethics","S10-Q2",1,4,"E01"
"C0013","10 Ethics","S10-Q3",1,4,"E04"
"C0013","10 Ethics","S10-Q4",0,4,"E09"
"C0013","10 Ethics","S10-Q5",1,4,"E05"
"C0014","01 History Taking","S01-Q1",1,4,"E10"
"C0014","01 History Taking","S01-Q2",3,4,"E02"
"C0014","01 History Taking","S01-Q3",4,4,"E01"
"C0014","01 History Taking","S01-Q4",2,4,"E07"
"C0014","01 History Taking","S01-Q5",2,4,"E06"
"C0014","02 Cardio Exam","S02-Q1",1,4,"E11"
"C0014","02 Cardio Exam","S02-Q2",4,4,"E10"
"C0014","02 Cardio Exam","S02-Q3",3,4,"E11"
"C0014","02 Cardio Exam","S02-Q4",4,4,"E05"
"C0014","02 Cardio Exam","S02-Q5",3,4,"E03"
"C0014","03 Resp Exam","S03-Q1",1,4,"E07"
"C0014","03 Resp Exam","S03-Q2",3,4,"E08"
"C0014","03 Resp Exam","S03-Q3",2,4,"E01"
"C0014","03 Resp Exam","S03-Q4",2,4,"E12"
"C0014","03 Resp Exam","S03-Q5",4,4,"E09"
"C0014","04 Abdo Exam","S04-Q1",1,4,"E04"
"C0014","04 Abdo Exam","S04-Q2",1,4,"E11"
"C0014","04 Abdo Exam","S04-Q3",0,4,"E05"
"C0014","04 Abdo Exam","S04-Q4",3,4,"E04"
"C0014","04 Abdo Exam","S04-Q5",1,4,"E03"
"C0014","05 Neuro Exam","S05-Q1",4,4,"E06"
"C0014","05 Neuro Exam","S05-Q2",4,4,"E08"
"C0014","05 Neuro Exam","S05-Q3",4,4,"E09"
"C0014","05 Neuro Exam","S05-Q4",0,4,"E12"
"C0014","05 Neuro Exam","S05-Q5",1,4,"E06"
"C0014","06 Communication","S06-Q1",0,4,"E02"
"C0014","06 Communication","S06-Q2",0,4,"E05"
"C0014","06 Communication","S06-Q3",0,4,"E06"
"C0014","06 Communication","S06-Q4",1,4,"E04"
"C0014","06 Communication","S06-Q5",4,4,"E05"
"C0014","07 Prescribing","S07-Q1",1,4,"E10"
"C0014","07 Prescribing","S07-Q2",2,4,"E07"
"C0014","07 Prescribing","S07-Q3",0,4,"E09"
"C0014","07 Prescribing","S07-Q4",3,4,"E11"
"C0014","07 Prescribing","S07-Q5",1,4,"E08"
"C0014","08 Data Interp","S08-Q1",4,4,"E05"
"C0014","08 Data Interp","S08-Q2",4,4,"E12"
"C0014","08 Data Interp","S08-Q3",2,4,"E09"
"C0014","08 Data Interp","S08-Q4",0,4,"E06"
"C0014","08 Data Interp","S08-Q5",0,4,"E11"
"C0014","09 Practical Skills","S09-Q1",2,4,"E10"
"C0014","09 Practical Skills","S09-Q2",2,4,"E04"
"C0014","09 Practical Skills","S09-Q3",0,4,"E03"
"C0014","09 Practical Skills","S09-Q4",1,4,"E09"
"C0014","09 Practical Skills","S09-Q5",0,4,"E02"
"C0014","10 Ethics","S10-Q1",0,4,"E05"
"C0014","10 Ethics","S10-Q2",2,4,"E03"
"C0014","10 Ethics","S10-Q3",1,4,"E09"
"C0014","10 Ethics","S10-Q4",0,4,"E07"
"C0014","10 Ethics","S10-Q5",3,4,"E08"
"C0015","01 History Taking","S01-Q1",2,4,"E04"
"C0015","01 History Taking","S01-Q2",2,4,"E01"
"C0015","01 History Taking","S01-Q3",4,4,"E06"
"C0015","01 History Taking","S01-Q4",2,4,"E12"
"C0015","01 History Taking","S01-Q5",2,4,"E11"
"C0015","02 Cardio Exam","S02-Q1",4,4,"E05"
"C0015","02 Cardio Exam","S02-Q2",0,4,"E02"
"C0015","02 Cardio Exam","S02-Q3",2,4,"E02"
"C0015","02 Cardio Exam","S02-Q4",2,4,"E02"
"C0015","02 Cardio Exam","S02-Q5",1,4,"E02"
"C0015","03 Resp Exam","S03-Q1",2,4,"E09"
"C0015","03 Resp Exam","S03-Q2",2,4,"E11"
"C0015","03 Resp Exam","S03-Q3",1,4,"E09"
"C0015","03 Resp Exam","S03-Q4",1,4,"E09"
"C0015","03 Resp Exam","S03-Q5",0,4,"E05"
"C0015","04 Abdo Exam","S04-Q1",1,4,"E07"
"C0015","04 Abdo Exam","S04-Q2",2,4,"E03"
"C0015","04 Abdo Exam","S04-Q3",2,4,"E08"
"C0015","04 Abdo Exam","S04-Q4",3,4,"E06"
"C0015","04 Abdo Exam","S04-Q5",3,4,"E12"
"C0015","05 Neuro Exam","S05-Q1",4,4,"E09"
"C0015","05 Neuro Exam","S05-Q2",1,4,"E04"
"C0015","05 Neuro Exam","S05-Q3",3,4,"E02"
"C0015","05 Neuro Exam","S05-Q4",0,4,"E10"
"C0015","05 Neuro Exam","S05-Q5",2,4,"E02"
"C0015","06 Communication","S06-Q1",4,4,"E02"
"C0015","06 Communication","S06-Q2",3,4,"E04"
"C0015","06 Communication","S06-Q3",2,4,"E04"
"C0015","06 Communication","S06-Q4",4,4,"E05"
"C0015","06 Communication","S06-Q5",1,4,"E10"
"C0015","07 Prescribing","S07-Q1",4,4,"E10"
"C0015","07 Prescribing","S07-Q2",2,4,"E09"
"C0015","07 Prescribing","S07-Q3",1,4,"E06"
"C0015","07 Prescribing","S07-Q4",3,4,"E01"
"C0015","07 Prescribing","S07-Q5",3,4,"E04"
"C0015","08 Data Interp","S08-Q1",3,4,"E05"
"C0015","08 Data Interp","S08-Q2",0,4,"E07"
"C0015","08 Data Interp","S08-Q3",2,4,"E12"
"C0015","08 Data Interp","S08-Q4",2,4,"E11"
"C0015","08 Data Interp","S08-Q5",1,4,"E02"
"C0015","09 Practical Skills","S09-Q1",2,4,"E10"
"C0015","09 Practical Skills","S09-Q2",1,4,"E09"
"C0015","09 Practical Skills","S09-Q3",1,4,"E01"
"C0015","09 Practical Skills","S09-Q4",2,4,"E10"
"C0015","09 Practical Skills","S09-Q5",4,4,"E02"
"C0015","10 Ethics","S10-Q1",0,4,"E03"
"C0015","10 Ethics","S10-Q2",4,4,"E04"
"C0015","10 Ethics","S10-Q3",3,4,"E04"
"C0015","10 Ethics","S10-Q4",2,4,"E12"
"C0015","10 Ethics","S10-Q5",0,4,"E02"
"C0016","01 History Taking","S01-Q1",3,4,"E07"
"C0016","01 History Taking","S01-Q2",3,4,"E02"
"C0016","01 History Taking","S01-Q3",3,4,"E06"
"C0016","01 History Taking","S01-Q4",4,4,"E05"
"C0016","01 History Taking","S01-Q5",3,4,"E07"
"C0016","02 Cardio Exam","S02-Q1",2,4,"E01"
"C0016","02 Cardio Exam","S02-Q2",4,4,"E12"
"C0016","02 Cardio Exam","S02-Q3",4,4,"E02"
"C0016","02 Cardio Exam","S02-Q4",3,4,"E09"
"C0016","02 Cardio Exam","S02-Q5",0,4,"E06"
"C0016","03 Resp Exam","S03-Q1",4,4,"E02"
"C0016","03 Resp Exam","S03-Q2",2,4,"E10"
"C0016","03 Resp Exam","S03-Q3",3,4,"E09"
"C0016","03 Resp Exam","S03-Q4",2,4,"E10"
"C0016","03 Resp Exam","S03-Q5",2,4,"E01"
"C0016","04 Abdo Exam","S04-Q1",3,4,"E10"
"C0016","04 Abdo Exam","S04-Q2",0,4,"E11"
"C0016","04 Abdo Exam","S04-Q3",1,4,"E07"
"C0016","04 Abdo Exam","S04-Q4",3,4,"E04"
"C0016","04 Abdo Exam","S04-Q5",3,4,"E04"
"C0016","05 Neuro Exam","S05-Q1",3,4,"E07"
"C0016","05 Neuro Exam","S05-Q2",2,4,"E05"
"C0016","05 Neuro Exam","S05-Q3",2,4,"E06"
"C0016","05 Neuro Exam","S05-Q4",4,4,"E03"
"C0016","05 Neuro Exam","S05-Q5",3,4,"E02"
"C0016","06 Communication","S06-Q1",1,4,"E08"
"C0016","06 Communication","S06-Q2",3,4,"E01"
"C0016","06 Communication","S06-Q3",2,4,"E06"
"C0016","06 Communication","S06-Q4",2,4,"E07"
"C0016","06 Communication","S06-Q5",2,4,"E03"
"C0016","07 Prescribing","S07-Q1",0,4,"E01"
"C0016","07 Prescribing","S07-Q2",4,4,"E12"
"C0016","07 Prescribing","S07-Q3",1,4,"E07"
"C0016","07 Prescribing","S07-Q4",3,4,"E10"
"C0016","07 Prescribing","S07-Q5",4,4,"E06"
"C0016","08 Data Interp","S08-Q1",3,4,"E10"
"C0016","08 Data Interp","S08-Q2",2,4,"E08"
"C0016","08 Data Interp","S08-Q3",4,4,"E06"
"C0016","08 Data Interp","S08-Q4",3,4,"E08"
"C0016","08 Data Interp","S08-Q5",1,4,"E08"
"C0016","09 Practical Skills","S09-Q1",2,4,"E01"
"C0016","09 Practical Skills","S09-Q2",3,4,"E02"
"C0016","09 Practical Skills","S09-Q3",2,4,"E12"
"C0016","09 Practical Skills","S09-Q4",4,4,"E05"
"C0016","09 Practical Skills","S09-Q5",3,4,"E01"
"C0016","10 Ethics","S10-Q1",0,4,"E04"
"C0016","10 Ethics","S10-Q2",4,4,"E01"
"C0016","10 Ethics","S10-Q3",3,4,"E03"
"C0016","10 Ethics","S10-Q4",3,4,"E06"
"C0016","10 Ethics","S10-Q5",2,4,"E07"
"C0017","01 History Taking","S01-Q1",4,4,"E04"
"C0017","01 History Taking","S01-Q2",2,4,"E05"
"C0017","01 History Taking","S01-Q3",1,4,"E11"
"C0017","01 History Taking","S01-Q4",4,4,"E05"
"C0017","01 History Taking","S01-Q5",1,4,"E04"
"C0017","02 Cardio Exam","S02-Q1",3,4,"E01"
"C0017","02 Cardio Exam","S02-Q2",3,4,"E05"
"C0017","02 Cardio Exam","S02-Q3",4,4,"E01"
"C0017","02 Cardio Exam","S02-Q4",1,4,"E01"
"C0017","02 Cardio Exam","S02-Q5",1,4,"E01"
"C0017","03 Resp Exam","S03-Q1",0,4,"E01"
"C0017","03 Resp Exam","S03-Q2",2,4,"E11"
"C0017","03 Resp Exam","S03-Q3",1,4,"E09"
"C0017","03 Resp Exam","S03-Q4",1,4,"E06"
"C0017","03 Resp Exam","S03-Q5",1,4,"E01"
"C0017","04 Abdo Exam","S04-Q1",3,4,"E04"
"C0017","04 Abdo Exam","S04-Q2",2,4,"E10"
"C0017","04 Abdo Exam","S04-Q3",0,4,"E08"
"C0017","04 Abdo Exam","S04-Q4",4,4,"E04"
"C0017","04 Abdo Exam","S04-Q5",0,4,"E05"
"C0017","05 Neuro Exam","S05-Q1",3,4,"E03"
"C0017","05 Neuro Exam","S05-Q2",2,4,"E08"
"C0017","05 Neuro Exam","S05-Q3",1,4,"E05"
"C0017","05 Neuro Exam","S05-Q4",3,4,"E03"
"C0017","05 Neuro Exam","S05-Q5",3,4,"E04"
"C0017","06 Communication","S06-Q1",1,4,"E01"
"C0017","06 Communication","S06-Q2",3,4,"E08"
"C0017","06 Communication","S06-Q3",1,4,"E02"
"C0017","06 Communication","S06-Q4",1,4,"E05"
"C0017","06 Communication","S06-Q5",2,4,"E12"
"C0017","07 Prescribing","S07-Q1",0,4,"E02"
"C0017","07 Prescribing","S07-Q2",1,4,"E07"
"C0017","07 Prescribing","S07-Q3",1,4,"E11"
"C0017","07 Prescribing","S07-Q4",1,4,"E06"
"C0017","07 Prescribing","S07-Q5",1,4,"E05"
"C0017","08 Data Interp","S08-Q1",0,4,"E02"
"C0017","08 Data Interp","S08-Q2",0,4,"E09"
"C0017","08 Data Interp","S08-Q3",2,4,"E04"
"C0017","08 Data Interp","S08-Q4",2,4,"E10"
"C0017","08 Data Interp","S08-Q5",2,4,"E10"
"C0017","09 Practical Skills","S09-Q1",0,4,"E08"
"C0017","09 Practical Skills","S09-Q2",2,4,"E08"
"C0017","09 Practical Skills","S09-Q3",0,4,"E03"
"C0017","09 Practical Skills","S09-Q4",2,4,"E03"
"C0017","09 Practical Skills","S09-Q5",1,4,"E03"
"C0017","10 Ethics","S10-Q1",0,4,"E05"
"C0017","10 Ethics","S10-Q2",2,4,"E03"
"C0017","10 Ethics","S10-Q3",2,4,"E08"
"C0017","10 Ethics","S10-Q4",2,4,"E02"
"C0017","10 Ethics","S10-Q5",2,4,"E11"
"C0018","01 History Taking","S01-Q1",1,4,"E03"
"C0018","01 History Taking","S01-Q2",0,4,"E05"
"C0018","01 History Taking","S01-Q3",1,4,"E01"
"C0018","01 History Taking","S01-Q4",0,4,"E10"
"C0018","01 History Taking","S01-Q5",0,4,"E09"
"C0018","02 Cardio Exam","S02-Q1",0,4,"E08"
"C0018","02 Cardio Exam","S02-Q2",0,4,"E07"
"C0018","02 Cardio Exam","S02-Q3",1,4,"E09"
"C0018","02 Cardio Exam","S02-Q4",0,4,"E11"
"C0018","02 Cardio Exam","S02-Q5",0,4,"E03"
"C0018","03 Resp Exam","S03-Q1",0,4,"E01"
"C0018","03 Resp Exam","S03-Q2",1,4,"E08"
"C0018","03 Resp Exam","S03-Q3",0,4,"E10"
"C0018","03 Resp Exam","S03-Q4",1,4,"E09"
"C0018","03 Resp Exam","S03-Q5",0,4,"E02"
"C0018","04 Abdo Exam","S04-Q1",0,4,"E04"
"C0018","04 Abdo Exam","S04-Q2",0,4,"E03"
"C0018","04 Abdo Exam","S04-Q3",0,4,"E10"
"C0018","04 Abdo Exam","S04-Q4",0,4,"E05"
"C0018","04 Abdo Exam","S04-Q5",0,4,"E06"
"C0018","05 Neuro Exam","S05-Q1",0,4,"E08"
"C0018","05 Neuro Exam","S05-Q2",0,4,"E11"
"C0018","05 Neuro Exam","S05-Q3",0,4,"E04"
"C0018","05 Neuro Exam","S05-Q4",1,4,"E01"
"C0018","05 Neuro Exam","S05-Q5",0,4,"E07"
"C0018","06 Communication","S06-Q1",0,4,"E03"
"C0018","06 Communication","S06-Q2",0,4,"E09"
"C0018","06 Communication","S06-Q3",2,4,"E01"
"C0018","06 Communication","S06-Q4",0,4,"E12"
"C0018","06 Communication","S06-Q5",1,4,"E06"
"C0018","07 Prescribing","S07-Q1",0,4,"E06"
"C0018","07 Prescribing","S07-Q2",1,4,"E03"
"C0018","07 Prescribing","S07-Q3",0,4,"E04"
"C0018","07 Prescribing","S07-Q4",1,4,"E08"
"C0018","07 Prescribing","S07-Q5",1,4,"E12"
"C0018","08 Data Interp","S08-Q1",0,4,"E02"
"C0018","08 Data Interp","S08-Q2",1,4,"E01"
"C0018","08 Data Interp","S08-Q3",0,4,"E11"
"C0018","08 Data Interp","S08-Q4",1,4,"E08"
"C0018","08 Data Interp","S08-Q5",0,4,"E10"
"C0018","09 Practical Skills","S09-Q1",1,4,"E07"
"C0018","09 Practical Skills","S09-Q2",2,4,"E08"
"C0018","09 Practical Skills","S09-Q3",0,4,"E02"
"C0018","09 Practical Skills","S09-Q4",2,4,"E12"
"C0018","09 Practical Skills","S09-Q5",0,4,"E11"
"C0018","10 Ethics","S10-Q1",0,4,"E09"
"C0018","10 Ethics","S10-Q2",0,4,"E09"
"C0018","10 Ethics","S10-Q3",1,4,"E09"
"C0018","10 Ethics","S10-Q4",2,4,"E05"
"C0018","10 Ethics","S10-Q5",1,4,"E05"
"C0019","01 History Taking","S01-Q1",0,4,"E10"
"C0019","01 History Taking","S01-Q2",0,4,"E06"
"C0019","01 History Taking","S01-Q3",0,4,"E02"
"C0019","01 History Taking","S01-Q4",0,4,"E07"
"C0019","01 History Taking","S01-Q5",0,4,"E04"
"C0019","02 Cardio Exam","S02-Q1",1,4,"E12"
"C0019","02 Cardio Exam","S02-Q2",1,4,"E09"
"C0019","02 Cardio Exam","S02-Q3",0,4,"E01"
"C0019","02 Cardio Exam","S02-Q4",1,4,"E03"
"C0019","02 Cardio Exam","S02-Q5",1,4,"E10"
"C0019","03 Resp Exam","S03-Q1",0,4,"E02"
"C0019","03 Resp Exam","S03-Q2",0,4,"E10"
"C0019","03 Resp Exam","S03-Q3",1,4,"E01"
"C0019","03 Resp Exam","S03-Q4",0,4,"E07"
"C0019","03 Resp Exam","S03-Q5",0,4,"E02"
"C0019","04 Abdo Exam","S04-Q1",1,4,"E06"
"C0019","04 Abdo Exam","S04-Q2",0,4,"E10"
"C0019","04 Abdo Exam","S04-Q3",0,4,"E11"
"C0019","04 Abdo Exam","S04-Q4",0,4,"E12"
"C0019","04 Abdo Exam","S04-Q5",1,4,"E05"
"C0019","05 Neuro Exam","S05-Q1",0,4,"E12"
"C0019","05 Neuro Exam","S05-Q2",1,4,"E10"
"C0019","05 Neuro Exam","S05-Q3",0,4,"E06"
"C0019","05 Neuro Exam","S05-Q4",0,4,"E08"
"C0019","05 Neuro Exam","S05-Q5",0,4,"E03"
"C0019","06 Communication","S06-Q1",0,4,"E11"
"C0019","06 Communication","S06-Q2",0,4,"E03"
"C0019","06 Communication","S06-Q3",0,4,"E03"
"C0019","06 Communication","S06-Q4",0,4,"E10"
"C0019","06 Communication","S06-Q5",1,4,"E09"
"C0019","07 Prescribing","S07-Q1",1,4,"E02"
"C0019","07 Prescribing","S07-Q2",1,4,"E07"
"C0019","07 Prescribing","S07-Q3",0,4,"E01"
"C0019","07 Prescribing","S07-Q4",0,4,"E02"
"C0019","07 Prescribing","S07-Q5",0,4,"E01"
"C0019","08 Data Interp","S08-Q1",0,4,"E10"
"C0019","08 Data Interp","S08-Q2",0,4,"E10"
"C0019","08 Data Interp","S08-Q3",1,4,"E05"
"C0019","08 Data Interp","S08-Q4",0,4,"E01"
"C0019","08 Data Interp","S08-Q5",0,4,"E11"
"C0019","09 Practical Skills","S09-Q1",2,4,"E10"
"C0019","09 Practical Skills","S09-Q2",1,4,"E03"
"C0019","09 Practical Skills","S09-Q3",1,4,"E04"
"C0019","09 Practical Skills","S09-Q4",1,4,"E07"
"C0019","09 Practical Skills","S09-Q5",0,4,"E07"
"C0019","10 Ethics","S10-Q1",0,4,"E09"
"C0019","10 Ethics","S10-Q2",0,4,"E10"
"C0019","10 Ethics","S10-Q3",0,4,"E11"
"C0019","10 Ethics","S10-Q4",1,4,"E01"
"C0019","10 Ethics","S10-Q5",0,4,"E01"
"C0020","01 History Taking","S01-Q1",2,4,"E07"
"C0020","01 History Taking","S01-Q2",3,4,"E04"
"C0020","01 History Taking","S01-Q3",3,4,"E11"
"C0020","01 History Taking","S01-Q4",3,4,"E07"
"C0020","01 History Taking","S01-Q5",4,4,"E07"
"C0020","02 Cardio Exam","S02-Q1",3,4,"E10"
"C0020","02 Cardio Exam","S02-Q2",1,4,"E12"
"C0020","02 Cardio Exam","S02-Q3",3,4,"E11"
"C0020","02 Cardio Exam","S02-Q4",4,4,"E01"
"C0020","02 Cardio Exam","S02-Q5",4,4,"E03"
"C0020","03 Resp Exam","S03-Q1",3,4,"E07"
"C0020","03 Resp Exam","S03-Q2",4,4,"E09"
"C0020","03 Resp Exam","S03-Q3",3,4,"E02"
"C0020","03 Resp Exam","S03-Q4",1,4,"E02"
"C0020","03 Resp Exam","S03-Q5",4,4,"E08"
"C0020","04 Abdo Exam","S04-Q1",4,4,"E08"
"C0020","04 Abdo Exam","S04-Q2",2,4,"E04"
"C0020","04 Abdo Exam","S04-Q3",4,4,"E01"
"C0020","04 Abdo Exam","S04-Q4",4,4,"E06"
"C0020","04 Abdo Exam","S04-Q5",3,4,"E06"
"C0020","05 Neuro Exam","S05-Q1",4,4,"E10"
"C0020","05 Neuro Exam","S05-Q2",2,4,"E09"
"C0020","05 Neuro Exam","S05-Q3",3,4,"E11"
"C0020","05 Neuro Exam","S05-Q4",2,4,"E01"
"C0020","05 Neuro Exam","S05-Q5",3,4,"E12"
"C0020","06 Communication","S06-Q1",4,4,"E10"
"C0020","06 Communication","S06-Q2",3,4,"E07"
"C0020","06 Communication","S06-Q3",3,4,"E09"
"C0020","06 Communication","S06-Q4",1,4,"E06"
"C0020","06 Communication","S06-Q5",3,4,"E06"
"C0020","07 Prescribing","S07-Q1",2,4,"E04"
"C0020","07 Prescribing","S07-Q2",3,4,"E07"
"C0020","07 Prescribing","S07-Q3",0,4,"E02"
"C0020","07 Prescribing","S07-Q4",3,4,"E11"
"C0020","07 Prescribing","S07-Q5",3,4,"E06"
"C0020","08 Data Interp","S08-Q1",4,4,"E02"
"C0020","08 Data Interp","S08-Q2",3,4,"E06"
"C0020","08 Data Interp","S08-Q3",2,4,"E05"
"C0020","08 Data Interp","S08-Q4",3,4,"E01"
"C0020","08 Data Interp","S08-Q5",2,4,"E09"
"C0020","09 Practical Skills","S09-Q1",3,4,"E12"
"C0020","09 Practical Skills","S09-Q2",4,4,"E11"
"C0020","09 Practical Skills","S09-Q3",0,4,"E03"
"C0020","09 Practical Skills","S09-Q4",3,4,"E07"
"C0020","09 Practical Skills","S09-Q5",3,4,"E06"
"C0020","10 Ethics","S10-Q1",4,4,"E03"
"C0020","10 Ethics","S10-Q2",4,4,"E04"
"C0020","10 Ethics","S10-Q3",4,4,"E12"
"C0020","10 Ethics","S10-Q4",2,4,"E11"
"C0020","10 Ethics","S10-Q5",1,4,"E03"
"C0021","01 History Taking","S01-Q1",2,4,"E07"
"C0021","01 History Taking","S01-Q2",2,4,"E02"
"C0021","01 History Taking","S01-Q3",2,4,"E02"
"C0021","01 History Taking","S01-Q4",4,4,"E10"
"C0021","01 History Taking","S01-Q5",4,4,"E04"
"C0021","02 Cardio Exam","S02-Q1",1,4,"E04"
"C0021","02 Cardio Exam","S02-Q2",2,4,"E07"
"C0021","02 Cardio Exam","S02-Q3",3,4,"E06"
"C0021","02 Cardio Exam","S02-Q4",4,4,"E09"
"C0021","02 Cardio Exam","S02-Q5",3,4,"E07"
"C0021","03 Resp Exam","S03-Q1",2,4,"E03"
"C0021","03 Resp Exam","S03-Q2",2,4,"E05"
"C0021","03 Resp Exam","S03-Q3",2,4,"E10"
"C0021","03 Resp Exam","S03-Q4",1,4,"E11"
"C0021","03 Resp Exam","S03-Q5",1,4,"E11"
"C0021","04 Abdo Exam","S04-Q1",0,4,"E02"
"C0021","04 Abdo Exam","S04-Q2",1,4,"E06"
"C0021","04 Abdo Exam","S04-Q3",2,4,"E05"
"C0021","04 Abdo Exam","S04-Q4",1,4,"E08"
"C0021","04 Abdo Exam","S04-Q5",1,4,"E04"
"C0021","05 Neuro Exam","S05-Q1",3,4,"E08"
"C0021","05 Neuro Exam","S05-Q2",1,4,"E10"
"C0021","05 Neuro Exam","S05-Q3",2,4,"E04"
"C0021","05 Neuro Exam","S05-Q4",2,4,"E03"
"C0021","05 Neuro Exam","S05-Q5",2,4,"E04"
"C0021","06 Communication","S06-Q1",2,4,"E10"
"C0021","06 Communication","S06-Q2",2,4,"E05"
"C0021","06 Communication","S06-Q3",0,4,"E09"
"C0021","06 Communication","S06-Q4",2,4,"E10"
"C0021","06 Communication","S06-Q5",3,4,"E10"
"C0021","07 Prescribing","S07-Q1",0,4,"E09"
"C0021","07 Prescribing","S07-Q2",3,4,"E06"
"C0021","07 Prescribing","S07-Q3",0,4,"E02"
"C0021","07 Prescribing","S07-Q4",0,4,"E11"
"C0021","07 Prescribing","S07-Q5",3,4,"E09"
"C0021","08 Data Interp","S08-Q1",3,4,"E09"
"C0021","08 Data Interp","S08-Q2",2,4,"E10"
"C0021","08 Data Interp","S08-Q3",4,4,"E05"
"C0021","08 Data Interp","S08-Q4",2,4,"E01"
"C0021","08 Data Interp","S08-Q5",1,4,"E02"
"C0021","09 Practical Skills","S09-Q1",4,4,"E11"
"C0021","09 Practical Skills","S09-Q2",3,4,"E01"
"C0021","09 Practical Skills","S09-Q3",2,4,"E10"
"C0021","09 Practical Skills","S09-Q4",0,4,"E11"
"C0021","09 Practical Skills","S09-Q5",3,4,"E05"
"C0021","10 Ethics","S10-Q1",1,4,"E12"
"C0021","10 Ethics","S10-Q2",2,4,"E05"
"C0021","10 Ethics","S10-Q3",1,4,"E09"
"C0021","10 Ethics","S10-Q4",3,4,"E11"
"C0021","10 Ethics","S10-Q5",2,4,"E12"
"C0022","01 History Taking","S01-Q1",1,4,"E10"
"C0022","01 History Taking","S01-Q2",0,4,"E04"
"C0022","01 History Taking","S01-Q3",2,4,"E06"
"C0022","01 History Taking","S01-Q4",1,4,"E01"
"C0022","01 History Taking","S01-Q5",2,4,"E12"
"C0022","02 Cardio Exam","S02-Q1",0,4,"E07"
"C0022","02 Cardio Exam","S02-Q2",1,4,"E08"
"C0022","02 Cardio Exam","S02-Q3",1,4,"E01"
"C0022","02 Cardio Exam","S02-Q4",0,4,"E02"
"C0022","02 Cardio Exam","S02-Q5",0,4,"E10"
"C0022","03 Resp Exam","S03-Q1",1,4,"E01"
"C0022","03 Resp Exam","S03-Q2",1,4,"E02"
"C0022","03 Resp Exam","S03-Q3",1,4,"E12"
"C0022","03 Resp Exam","S03-Q4",2,4,"E03"
"C0022","03 Resp Exam","S03-Q5",0,4,"E08"
"C0022","04 Abdo Exam","S04-Q1",0,4,"E10"
"C0022","04 Abdo Exam","S04-Q2",1,4,"E04"
"C0022","04 Abdo Exam","S04-Q3",0,4,"E09"
"C0022","04 Abdo Exam","S04-Q4",1,4,"E04"
"C0022","04 Abdo Exam","S04-Q5",0,4,"E11"
"C0022","05 Neuro Exam","S05-Q1",0,4,"E04"
"C0022","05 Neuro Exam","S05-Q2",2,4,"E02"
"C0022","05 Neuro Exam","S05-Q3",0,4,"E11"
"C0022","05 Neuro Exam","S05-Q4",0,4,"E04"
"C0022","05 Neuro Exam","S05-Q5",1,4,"E11"
"C0022","06 Communication","S06-Q1",0,4,"E08"
"C0022","06 Communication","S06-Q2",0,4,"E09"
"C0022","06 Communication","S06-Q3",0,4,"E04"
"C0022","06 Communication","S06-Q4",1,4,"E08"
"C0022","06 Communication","S06-Q5",1,4,"E07"
"C0022","07 Prescribing","S07-Q1",1,4,"E11"
"C0022","07 Prescribing","S07-Q2",0,4,"E03"
"C0022","07 Prescribing","S07-Q3",0,4,"E08"
"C0022","07 Prescribing","S07-Q4",1,4,"E05"
"C0022","07 Prescribing","S07-Q5",1,4,"E03"
"C0022","08 Data Interp","S08-Q1",0,4,"E08"
"C0022","08 Data Interp","S08-Q2",1,4,"E07"
"C0022","08 Data Interp","S08-Q3",0,4,"E05"
"C0022","08 Data Interp","S08-Q4",2,4,"E11"
"C0022","08 Data Interp","S08-Q5",0,4,"E07"
"C0022","09 Practical Skills","S09-Q1",2,4,"E02"
"C0022","09 Practical Skills","S09-Q2",0,4,"E01"
"C0022","09 Practical Skills","S09-Q3",1,4,"E12"
"C0022","09 Practical Skills","S09-Q4",0,4,"E07"
"C0022","09 Practical Skills","S09-Q5",1,4,"E09"
"C0022","10 Ethics","S10-Q1",1,4,"E07"
"C0022","10 Ethics","S10-Q2",0,4,"E12"
"C0022","10 Ethics","S10-Q3",0,4,"E04"
"C0022","10 Ethics","S10-Q4",1,4,"E07"
"C0022","10 Ethics","S10-Q5",0,4,"E12"
"C0023","01 History Taking","S01-Q1",1,4,"E05"
"C0023","01 History Taking","S01-Q2",4,4,"E08"
"C0023","01 History Taking","S01-Q3",2,4,"E11"
"C0023","01 History Taking","S01-Q4",2,4,"E05"
"C0023","01 History Taking","S01-Q5",1,4,"E11"
"C0023","02 Cardio Exam","S02-Q1",3,4,"E03"
"C0023","02 Cardio Exam","S02-Q2",2,4,"E05"
"C0023","02 Cardio Exam","S02-Q3",2,4,"E08"
"C0023","02 Cardio Exam","S02-Q4",2,4,"E08"
"C0023","02 Cardio Exam","S02-Q5",2,4,"E09"
"C0023","03 Resp Exam","S03-Q1",0,4,"E02"
"C0023","03 Resp Exam","S03-Q2",2,4,"E08"
"C0023","03 Resp Exam","S03-Q3",1,4,"E08"
"C0023","03 Resp Exam","S03-Q4",2,4,"E04"
"C0023","03 Resp Exam","S03-Q5",1,4,"E12"
"C0023","04 Abdo Exam","S04-Q1",2,4,"E10"
"C0023","04 Abdo Exam","S04-Q2",1,4,"E09"
"C0023","04 Abdo Exam","S04-Q3",2,4,"E10"
"C0023","04 Abdo Exam","S04-Q4",3,4,"E08"
"C0023","04 Abdo Exam","S04-Q5",4,4,"E12"
"C0023","05 Neuro Exam","S05-Q1",1,4,"E10"
"C0023","05 Neuro Exam","S05-Q2",1,4,"E05"
"C0023","05 Neuro Exam","S05-Q3",4,4,"E03"
"C0023","05 Neuro Exam","S05-Q4",1,4,"E03"
"C0023","05 Neuro Exam","S05-Q5",3,4,"E06"
"C0023","06 Communication","S06-Q1",1,4,"E05"
"C0023","06 Communication","S06-Q2",3,4,"E01"
"C0023","06 Communication","S06-Q3",1,4,"E06"
"C0023","06 Communication","S06-Q4",1,4,"E02"
"C0023","06 Communication","S06-Q5",3,4,"E07"
"C0023","07 Prescribing","S07-Q1",2,4,"E07"
"C0023","07 Prescribing","S07-Q2",1,4,"E07"
"C0023","07 Prescribing","S07-Q3",0,4,"E03"
"C0023","07 Prescribing","S07-Q4",2,4,"E03"
"C0023","07 Prescribing","S07-Q5",2,4,"E07"
"C0023","08 Data Interp","S08-Q1",4,4,"E05"
"C0023","08 Data Interp","S08-Q2",1,4,"E12"
"C0023","08 Data Interp","S08-Q3",3,4,"E05"
"C0023","08 Data Interp","S08-Q4",2,4,"E01"
"C0023","08 Data Interp","S08-Q5",3,4,"E03"
"C0023","09 Practical Skills","S09-Q1",2,4,"E12"
"C0023","09 Practical Skills","S09-Q2",2,4,"E02"
"C0023","09 Practical Skills","S09-Q3",2,4,"E07"
"C0023","09 Practical Skills","S09-Q4",2,4,"E03"
"C0023","09 Practical Skills","S09-Q5",3,4,"E12"
"C0023","10 Ethics","S10-Q1",1,4,"E12"
"C0023","10 Ethics","S10-Q2",3,4,"E01"
"C0023","10 Ethics","S10-Q3",4,4,"E06"
"C0023","10 Ethics","S10-Q4",3,4,"E10"
"C0023","10 Ethics","S10-Q5",1,4,"E12"
"C0024","01 History Taking","S01-Q1",3,4,"E09"
"C0024","01 History Taking","S01-Q2",4,4,"E12"
"C0024","01 History Taking","S01-Q3",2,4,"E01"
"C0024","01 History Taking","S01-Q4",3,4,"E04"
"C0024","01 History Taking","S01-Q5",2,4,"E08"
"C0024","02 Cardio Exam","S02-Q1",3,4,"E04"
"C0024","02 Cardio Exam","S02-Q2",3,4,"E10"
"C0024","02 Cardio Exam","S02-Q3",4,4,"E03"
"C0024","02 Cardio Exam","S02-Q4",4,4,"E05"
"C0024","02 Cardio Exam","S02-Q5",3,4,"E08"
"C0024","03 Resp Exam","S03-Q1",2,4,"E02"
"C0024","03 Resp Exam","S03-Q2",4,4,"E04"
"C0024","03 Resp Exam","S03-Q3",3,4,"E06"
"C0024","03 Resp Exam","S03-Q4",2,4,"E08"
"C0024","03 Resp Exam","S03-Q5",1,4,"E09"
"C0024","04 Abdo Exam","S04-Q1",3,4,"E11"
"C0024","04 Abdo Exam","S04-Q2",4,4,"E07"
"C0024","04 Abdo Exam","S04-Q3",2,4,"E12"
"C0024","04 Abdo Exam","S04-Q4",3,4,"E07"
"C0024","04 Abdo Exam","S04-Q5",1,4,"E12"
"C0024","05 Neuro Exam","S05-Q1",2,4,"E10"
"C0024","05 Neuro Exam","S05-Q2",3,4,"E08"
"C0024","05 Neuro Exam","S05-Q3",2,4,"E10"
"C0024","05 Neuro Exam","S05-Q4",1,4,"E08"
"C0024","05 Neuro Exam","S05-Q5",4,4,"E04"
"C0024","06 Communication","S06-Q1",3,4,"E03"
"C0024","06 Communication","S06-Q2",3,4,"E10"
"C0024","06 Communication","S06-Q3",4,4,"E09"
"C0024","06 Communication","S06-Q4",3,4,"E08"
"C0024","06 Communication","S06-Q5",2,4,"E04"
"C0024","07 Prescribing","S07-Q1",4,4,"E03"
"C0024","07 Prescribing","S07-Q2",4,4,"E03"
"C0024","07 Prescribing","S07-Q3",1,4,"E07"
"C0024","07 Prescribing","S07-Q4",3,4,"E03"
"C0024","07 Prescribing","S07-Q5",4,4,"E07"
"C0024","08 Data Interp","S08-Q1",3,4,"E03"
"C0024","08 Data Interp","S08-Q2",4,4,"E01"
"C0024","08 Data Interp","S08-Q3",4,4,"E10"
"C0024","08 Data Interp","S08-Q4",3,4,"E01"
"C0024","08 Data Interp","S08-Q5",3,4,"E08"
"C0024","09 Practical Skills","S09-Q1",3,4,"E06"
"C0024","09 Practical Skills","S09-Q2",3,4,"E10"
"C0024","09 Practical Skills","S09-Q3",4,4,"E11"
"C0024","09 Practical Skills","S09-Q4",3,4,"E12"
"C0024","09 Practical Skills","S09-Q5",3,4,"E08"
"C0024","10 Ethics","S10-Q1",3,4,"E03"
"C0024","10 Ethics","S10-Q2",4,4,"E07"
"C0024","10 Ethics","S10-Q3",2,4,"E12"
"C0024","10 Ethics","S10-Q4",1,4,"E08"
"C0024","10 Ethics","S10-Q5",4,4,"E11"
"C0025","01 History Taking","S01-Q1",3,4,"E03"
"C0025","01 History Taking","S01-Q2",3,4,"E06"
"C0025","01 History Taking","S01-Q3",3,4,"E09"
"C0025","01 History Taking","S01-Q4",4,4,"E12"
"C0025","01 History Taking","S01-Q5",4,4,"E08"
"C0025","02 Cardio Exam","S02-Q1",3,4,"E03"
"C0025","02 Cardio Exam","S02-Q2",4,4,"E11"
"C0025","02 Cardio Exam","S02-Q3",4,4,"E02"
"C0025","02 Cardio Exam","S02-Q4",3,4,"E04"
"C0025","02 Cardio Exam","S02-Q5",3,4,"E05"
"C0025","03 Resp Exam","S03-Q1",3,4,"E04"
"C0025","03 Resp Exam","S03-Q2",4,4,"E06"
"C0025","03 Resp Exam","S03-Q3",4,4,"E08"
"C0025","03 Resp Exam","S03-Q4",2,4,"E12"
"C0025","03 Resp Exam","S03-Q5",4,4,"E05"
"C0025","04 Abdo Exam","S04-Q1",4,4,"E11"
"C0025","04 Abdo Exam","S04-Q2",4,4,"E11"
"C0025","04 Abdo Exam","S04-Q3",4,4,"E11"
"C0025","04 Abdo Exam","S04-Q4",3,4,"E11"
"C0025","04 Abdo Exam","S04-Q5",4,4,"E12"
"C0025","05 Neuro Exam","S05-Q1",4,4,"E10"
"C0025","05 Neuro Exam","S05-Q2",4,4,"E05"
"C0025","05 Neuro Exam","S05-Q3",3,4,"E02"
"C0025","05 Neuro Exam","S05-Q4",4,4,"E11"
"C0025","05 Neuro Exam","S05-Q5",4,4,"E10"
"C0025","06 Communication","S06-Q1",4,4,"E05"
"C0025","06 Communication","S06-Q2",3,4,"E06"
"C0025","06 Communication","S06-Q3",4,4,"E10"
"C0025","06 Communication","S06-Q4",3,4,"E11"
"C0025","06 Communication","S06-Q5",4,4,"E02"
"C0025","07 Prescribing","S07-Q1",4,4,"E08"
"C0025","07 Prescribing","S07-Q2",4,4,"E11"
"C0025","07 Prescribing","S07-Q3",1,4,"E03"
"C0025","07 Prescribing","S07-Q4",4,4,"E10"
"C0025","07 Prescribing","S07-Q5",4,4,"E09"
"C0025","08 Data Interp","S08-Q1",4,4,"E07"
"C0025","08 Data Interp","S08-Q2",4,4,"E04"
"C0025","08 Data Interp","S08-Q3",4,4,"E10"
"C0025","08 Data Interp","S08-Q4",4,4,"E07"
"C0025","08 Data Interp","S08-Q5",4,4,"E02"
"C0025","09 Practical Skills","S09-Q1",4,4,"E11"
"C0025","09 Practical Skills","S09-Q2",4,4,"E05"
"C0025","09 Practical Skills","S09-Q3",2,4,"E02"
"C0025","09 Practical Skills","S09-Q4",4,4,"E10"
"C0025","09 Practical Skills","S09-Q5",3,4,"E09"
"C0025","10 Ethics","S10-Q1",1,4,"E10"
"C0025","10 Ethics","S10-Q2",4,4,"E10"
"C0025","10 Ethics","S10-Q3",4,4,"E03"
"C0025","10 Ethics","S10-Q4",2,4,"E08"
"C0025","10 Ethics","S10-Q5",3,4,"E05"
"C0026","01 History Taking","S01-Q1",3,4,"E12"
"C0026","01 History Taking","S01-Q2",4,4,"E08"
"C0026","01 History Taking","S01-Q3",4,4,"E07"
"C0026","01 History Taking","S01-Q4",1,4,"E07"
"C0026","01 History Taking","S01-Q5",0,4,"E03"
"C0026","02 Cardio Exam","S02-Q1",1,4,"E09"
"C0026","02 Cardio Exam","S02-Q2",2,4,"E12"
"C0026","02 Cardio Exam","S02-Q3",2,4,"E10"
"C0026","02 Cardio Exam","S02-Q4",3,4,"E05"
"C0026","02 Cardio Exam","S02-Q5",1,4,"E02"
"C0026","03 Resp Exam","S03-Q1",1,4,"E11"
"C0026","03 Resp Exam","S03-Q2",3,4,"E07"
"C0026","03 Resp Exam","S03-Q3",1,4,"E12"
"C0026","03 Resp Exam","S03-Q4",1,4,"E05"
"C0026","03 Resp Exam","S03-Q5",2,4,"E09"
"C0026","04 Abdo Exam","S04-Q1",2,4,"E09"
"C0026","04 Abdo Exam","S04-Q2",3,4,"E12"
"C0026","04 Abdo Exam","S04-Q3",1,4,"E08"
"C0026","04 Abdo Exam","S04-Q4",3,4,"E05"
"C0026","04 Abdo Exam","S04-Q5",0,4,"E08"
"C0026","05 Neuro Exam","S05-Q1",2,4,"E04"
"C0026","05 Neuro Exam","S05-Q2",1,4,"E06"
"C0026","05 Neuro Exam","S05-Q3",2,4,"E03"
"C0026","05 Neuro Exam","S05-Q4",3,4,"E11"
"C0026","05 Neuro Exam","S05-Q5",0,4,"E01"
"C0026","06 Communication","S06-Q1",2,4,"E12"
"C0026","06 Communication","S06-Q2",2,4,"E06"
"C0026","06 Communication","S06-Q3",1,4,"E11"
"C0026","06 Communication","S06-Q4",4,4,"E02"
"C0026","06 Communication","S06-Q5",2,4,"E07"
"C0026","07 Prescribing","S07-Q1",0,4,"E05"
"C0026","07 Prescribing","S07-Q2",2,4,"E03"
"C0026","07 Prescribing","S07-Q3",0,4,"E12"
"C0026","07 Prescribing","S07-Q4",1,4,"E03"
"C0026","07 Prescribing","S07-Q5",1,4,"E09"
"C0026","08 Data Interp","S08-Q1",2,4,"E08"
"C0026","08 Data Interp","S08-Q2",0,4,"E08"
"C0026","08 Data Interp","S08-Q3",3,4,"E09"
"C0026","08 Data Interp","S08-Q4",1,4,"E10"
"C0026","08 Data Interp","S08-Q5",1,4,"E05"
"C0026","09 Practical Skills","S09-Q1",2,4,"E07"
"C0026","09 Practical Skills","S09-Q2",2,4,"E11"
"C0026","09 Practical Skills","S09-Q3",1,4,"E10"
"C0026","09 Practical Skills","S09-Q4",3,4,"E05"
"C0026","09 Practical Skills","S09-Q5",0,4,"E02"
"C0026","10 Ethics","S10-Q1",1,4,"E08"
"C0026","10 Ethics","S10-Q2",2,4,"E12"
"C0026","10 Ethics","S10-Q3",1,4,"E05"
"C0026","10 Ethics","S10-Q4",1,4,"E01"
"C0026","10 Ethics","S10-Q5",1,4,"E09"
"C0027","01 History Taking","S01-Q1",3,4,"E11"
"C0027","01 History Taking","S01-Q2",4,4,"E07"
"C0027","01 History Taking","S01-Q3",0,4,"E07"
"C0027","01 History Taking","S01-Q4",2,4,"E09"
"C0027","01 History Taking","S01-Q5",2,4,"E12"
"C0027","02 Cardio Exam","S02-Q1",3,4,"E05"
"C0027","02 Cardio Exam","S02-Q2",2,4,"E11"
"C0027","02 Cardio Exam","S02-Q3",4,4,"E04"
"C0027","02 Cardio Exam","S02-Q4",2,4,"E10"
"C0027","02 Cardio Exam","S02-Q5",3,4,"E04"
"C0027","03 Resp Exam","S03-Q1",1,4,"E04"
"C0027","03 Resp Exam","S03-Q2",1,4,"E04"
"C0027","03 Resp Exam","S03-Q3",2,4,"E05"
"C0027","03 Resp Exam","S03-Q4",0,4,"E01"
"C0027","03 Resp Exam","S03-Q5",1,4,"E02"
"C0027","04 Abdo Exam","S04-Q1",3,4,"E10"
"C0027","04 Abdo Exam","S04-Q2",3,4,"E01"
"C0027","04 Abdo Exam","S04-Q3",2,4,"E10"
"C0027","04 Abdo Exam","S04-Q4",2,4,"E01"
"C0027","04 Abdo Exam","S04-Q5",0,4,"E06"
"C0027","05 Neuro Exam","S05-Q1",2,4,"E03"
"C0027","05 Neuro Exam","S05-Q2",1,4,"E01"
"C0027","05 Neuro Exam","S05-Q3",1,4,"E03"
"C0027","05 Neuro Exam","S05-Q4",2,4,"E06"
"C0027","05 Neuro Exam","S05-Q5",2,4,"E11"
"C0027","06 Communication","S06-Q1",0,4,"E06"
"C0027","06 Communication","S06-Q2",4,4,"E11"
"C0027","06 Communication","S06-Q3",2,4,"E07"
"C0027","06 Communication","S06-Q4",2,4,"E08"
"C0027","06 Communication","S06-Q5",2,4,"E10"
"C0027","07 Prescribing","S07-Q1",2,4,"E11"
"C0027","07 Prescribing","S07-Q2",2,4,"E10"
"C0027","07 Prescribing","S07-Q3",0,4,"E02"
"C0027","07 Prescribing","S07-Q4",2,4,"E05"
"C0027","07 Prescribing","S07-Q5",1,4,"E10"
"C0027","08 Data Interp","S08-Q1",3,4,"E09"
"C0027","08 Data Interp","S08-Q2",1,4,"E06"
"C0027","08 Data Interp","S08-Q3",3,4,"E10"
"C0027","08 Data Interp","S08-Q4",3,4,"E12"
"C0027","08 Data Interp","S08-Q5",1,4,"E02"
"C0027","09 Practical Skills","S09-Q1",3,4,"E03"
"C0027","09 Practical Skills","S09-Q2",2,4,"E01"
"C0027","09 Practical Skills","S09-Q3",0,4,"E06"
"C0027","09 Practical Skills","S09-Q4",2,4,"E09"
"C0027","09 Practical Skills","S09-Q5",1,4,"E05"
"C0027","10 Ethics","S10-Q1",2,4,"E06"
"C0027","10 Ethics","S10-Q2",2,4,"E01"
"C0027","10 Ethics","S10-Q3",0,4,"E04"
"C0027","10 Ethics","S10-Q4",1,4,"E05"
"C0027","10 Ethics","S10-Q5",2,4,"E03"
"C0028","01 History Taking","S01-Q1",1,4,"E07"
"C0028","01 History Taking","S01-Q2",0,4,"E09"
"C0028","01 History Taking","S01-Q3",1,4,"E02"
"C0028","01 History Taking","S01-Q4",0,4,"E06"
"C0028","01 History Taking","S01-Q5",0,4,"E01"
"C0028","02 Cardio Exam","S02-Q1",3,4,"E06"
"C0028","02 Cardio Exam","S02-Q2",0,4,"E11"
"C0028","02 Cardio Exam","S02-Q3",0,4,"E11"
"C0028","02 Cardio Exam","S02-Q4",0,4,"E11"
"C0028","02 Cardio Exam","S02-Q5",0,4,"E05"
"C0028","03 Resp Exam","S03-Q1",1,4,"E11"
"C0028","03 Resp Exam","S03-Q2",0,4,"E11"
"C0028","03 Resp Exam","S03-Q3",0,4,"E07"
"C0028","03 Resp Exam","S03-Q4",0,4,"E05"
"C0028","03 Resp Exam","S03-Q5",3,4,"E03"
"C0028","04 Abdo Exam","S04-Q1",1,4,"E08"
"C0028","04 Abdo Exam","S04-Q2",0,4,"E08"
"C0028","04 Abdo Exam","S04-Q3",2,4,"E06"
"C0028","04 Abdo Exam","S04-Q4",1,4,"E09"
"C0028","04 Abdo Exam","S04-Q5",0,4,"E11"
"C0028","05 Neuro Exam","S05-Q1",1,4,"E09"
"C0028","05 Neuro Exam","S05-Q2",3,4,"E02"
"C0028","05 Neuro Exam","S05-Q3",0,4,"E08"
"C0028","05 Neuro Exam","S05-Q4",0,4,"E01"
"C0028","05 Neuro Exam","S05-Q5",2,4,"E03"
"C0028","06 Communication","S06-Q1",0,4,"E02"
"C0028","06 Communication","S06-Q2",0,4,"E09"
"C0028","06 Communication","S06-Q3",0,4,"E01"
"C0028","06 Communication","S06-Q4",0,4,"E02"
"C0028","06 Communication","S06-Q5",2,4,"E09"
"C0028","07 Prescribing","S07-Q1",0,4,"E06"
"C0028","07 Prescribing","S07-Q2",0,4,"E11"
"C0028","07 Prescribing","S07-Q3",0,4,"E04"
"C0028","07 Prescribing","S07-Q4",0,4,"E12"
"C0028","07 Prescribing","S07-Q5",1,4,"E05"
"C0028","08 Data Interp","S08-Q1",0,4,"E10"
"C0028","08 Data Interp","S08-Q2",1,4,"E12"
"C0028","08 Data Interp","S08-Q3",1,4,"E10"
"C0028","08 Data Interp","S08-Q4",1,4,"E05"
"C0028","08 Data Interp","S08-Q5",1,4,"E06"
"C0028","09 Practical Skills","S09-Q1",1,4,"E05"
"C0028","09 Practical Skills","S09-Q2",0,4,"E01"
"C0028","09 Practical Skills","S09-Q3",0,4,"E07"
"C0028","09 Practical Skills","S09-Q4",0,4,"E06"
"C0028","09 Practical Skills","S09-Q5",0,4,"E06"
"C0028","10 Ethics","S10-Q1",2,4,"E11"
"C0028","10 Ethics","S10-Q2",1,4,"E11"
"C0028","10 Ethics","S10-Q3",2,4,"E06"
"C0028","10 Ethics","S10-Q4",1,4,"E05"
"C0028","10 Ethics","S10-Q5",0,4,"E01"
"C0029","01 History Taking","S01-Q1",4,4,"E05"
"C0029","01 History Taking","S01-Q2",3,4,"E12"
"C0029","01 History Taking","S01-Q3",2,4,"E01"
"C0029","01 History Taking","S01-Q4",4,4,"E06"
"C0029","01 History Taking","S01-Q5",0,4,"E07"
"C0029","02 Cardio Exam","S02-Q1",3,4,"E10"
"C0029","02 Cardio Exam","S02-Q2",3,4,"E10"
"C0029","02 Cardio Exam","S02-Q3",4,4,"E07"
"C0029","02 Cardio Exam","S02-Q4",3,4,"E08"
"C0029","02 Cardio Exam","S02-Q5",2,4,"E01"
"C0029","03 Resp Exam","S03-Q1",3,4,"E07"
"C0029","03 Resp Exam","S03-Q2",3,4,"E10"
"C0029","03 Resp Exam","S03-Q3",3,4,"E08"
"C0029","03 Resp Exam","S03-Q4",3,4,"E06"
"C0029","03 Resp Exam","S03-Q5",4,4,"E05"
"C0029","04 Abdo Exam","S04-Q1",3,4,"E06"
"C0029","04 Abdo Exam","S04-Q2",2,4,"E01"
"C0029","04 Abdo Exam","S04-Q3",4,4,"E02"
"C0029","04 Abdo Exam","S04-Q4",3,4,"E07"
"C0029","04 Abdo Exam","S04-Q5",3,4,"E05"
"C0029","05 Neuro Exam","S05-Q1",1,4,"E07"
"C0029","05 Neuro Exam","S05-Q2",3,4,"E03"
"C0029","05 Neuro Exam","S05-Q3",4,4,"E09"
"C0029","05 Neuro Exam","S05-Q4",4,4,"E11"
"C0029","05 Neuro Exam","S05-Q5",4,4,"E05"
"C0029","06 Communication","S06-Q1",3,4,"E07"
"C0029","06 Communication","S06-Q2",3,4,"E02"
"C0029","06 Communication","S06-Q3",2,4,"E11"
"C0029","06 Communication","S06-Q4",1,4,"E08"
"C0029","06 Communication","S06-Q5",4,4,"E11"
"C0029","07 Prescribing","S07-Q1",3,4,"E11"
"C0029","07 Prescribing","S07-Q2",2,4,"E04"
"C0029","07 Prescribing","S07-Q3",2,4,"E09"
"C0029","07 Prescribing","S07-Q4",4,4,"E06"
"C0029","07 Prescribing","S07-Q5",4,4,"E12"
"C0029","08 Data Interp","S08-Q1",3,4,"E08"
"C0029","08 Data Interp","S08-Q2",3,4,"E07"
"C0029","08 Data Interp","S08-Q3",2,4,"E09"
"C0029","08 Data Interp","S08-Q4",3,4,"E05"
"C0029","08 Data Interp","S08-Q5",1,4,"E09"
"C0029","09 Practical Skills","S09-Q1",3,4,"E11"
"C0029","09 Practical Skills","S09-Q2",4,4,"E12"
"C0029","09 Practical Skills","S09-Q3",3,4,"E12"
"C0029","09 Practical Skills","S09-Q4",2,4,"E07"
"C0029","09 Practical Skills","S09-Q5",3,4,"E08"
"C0029","10 Ethics","S10-Q1",2,4,"E04"
"C0029","10 Ethics","S10-Q2",3,4,"E08"
"C0029","10 Ethics","S10-Q3",4,4,"E09"
"C0029","10 Ethics","S10-Q4",3,4,"E03"
"C0029","10 Ethics","S10-Q5",3,4,"E07"
"C0030","01 History Taking","S01-Q1",2,4,"E01"
"C0030","01 History Taking","S01-Q2",2,4,"E05"
"C0030","01 History Taking","S01-Q3",2,4,"E03"
"C0030","01 History Taking","S01-Q4",3,4,"E09"
"C0030","01 History Taking","S01-Q5",2,4,"E05"
"C0030","02 Cardio Exam","S02-Q1",2,4,"E11"
"C0030","02 Cardio Exam","S02-Q2",2,4,"E04"
"C0030","02 Cardio Exam","S02-Q3",2,4,"E02"
"C0030","02 Cardio Exam","S02-Q4",2,4,"E10"
"C0030","02 Cardio Exam","S02-Q5",3,4,"E04"
"C0030","03 Resp Exam","S03-Q1",1,4,"E10"
"C0030","03 Resp Exam","S03-Q2",3,4,"E09"
"C0030","03 Resp Exam","S03-Q3",0,4,"E03"
"C0030","03 Resp Exam","S03-Q4",1,4,"E03"
"C0030","03 Resp Exam","S03-Q5",0,4,"E07"
"C0030","04 Abdo Exam","S04-Q1",0,4,"E06"
"C0030","04 Abdo Exam","S04-Q2",2,4,"E05"
"C0030","04 Abdo Exam","S04-Q3",0,4,"E06"
"C0030","04 Abdo Exam","S04-Q4",0,4,"E04"
"C0030","04 Abdo Exam","S04-Q5",1,4,"E07"
"C0030","05 Neuro Exam","S05-Q1",3,4,"E03"
"C0030","05 Neuro Exam","S05-Q2",2,4,"E01"
"C0030","05 Neuro Exam","S05-Q3",2,4,"E03"
"C0030","05 Neuro Exam","S05-Q4",2,4,"E12"
"C0030","05 Neuro Exam","S05-Q5",0,4,"E01"
"C0030","06 Communication","S06-Q1",0,4,"E07"
"C0030","06 Communication","S06-Q2",0,4,"E02"
"C0030","06 Communication","S06-Q3",2,4,"E05"
"C0030","06 Communication","S06-Q4",2,4,"E12"
"C0030","06 Communication","S06-Q5",4,4,"E06"
"C0030","07 Prescribing","S07-Q1",0,4,"E06"
"C0030","07 Prescribing","S07-Q2",2,4,"E08"
"C0030","07 Prescribing","S07-Q3",0,4,"E10"
"C0030","07 Prescribing","S07-Q4",1,4,"E04"
"C0030","07 Prescribing","S07-Q5",0,4,"E05"
"C0030","08 Data Interp","S08-Q1",1,4,"E06"
"C0030","08 Data Interp","S08-Q2",0,4,"E12"
"C0030","08 Data Interp","S08-Q3",4,4,"E02"
"C0030","08 Data Interp","S08-Q4",1,4,"E05"
"C0030","08 Data Interp","S08-Q5",0,4,"E11"
"C0030","09 Practical Skills","S09-Q1",1,4,"E09"
"C0030","09 Practical Skills","S09-Q2",3,4,"E07"
"C0030","09 Practical Skills","S09-Q3",1,4,"E07"
"C0030","09 Practical Skills","S09-Q4",0,4,"E02"
"C0030","09 Practical Skills","S09-Q5",1,4,"E08"
"C0030","10 Ethics","S10-Q1",2,4,"E05"
"C0030","10 Ethics","S10-Q2",4,4,"E08"
"C0030","10 Ethics","S10-Q3",2,4,"E11"
"C0030","10 Ethics","S10-Q4",4,4,"E05"
"C0030","10 Ethics","S10-Q5",0,4,"E08"
"C0031","01 History Taking","S01-Q1",0,4,"E01"
"C0031","01 History Taking","S01-Q2",3,4,"E07"
"C0031","01 History Taking","S01-Q3",3,4,"E08"
"C0031","01 History Taking","S01-Q4",2,4,"E04"
"C0031","01 History Taking","S01-Q5",3,4,"E01"
"C0031","02 Cardio Exam","S02-Q1",4,4,"E07"
"C0031","02 Cardio Exam","S02-Q2",3,4,"E06"
"C0031","02 Cardio Exam","S02-Q3",4,4,"E06"
"C0031","02 Cardio Exam","S02-Q4",3,4,"E03"
"C0031","02 Cardio Exam","S02-Q5",1,4,"E01"
"C0031","03 Resp Exam","S03-Q1",4,4,"E11"
"C0031","03 Resp Exam","S03-Q2",3,4,"E08"
"C0031","03 Resp Exam","S03-Q3",3,4,"E02"
"C0031","03 Resp Exam","S03-Q4",4,4,"E03"
"C0031","03 Resp Exam","S03-Q5",2,4,"E01"
"C0031","04 Abdo Exam","S04-Q1",3,4,"E02"
"C0031","04 Abdo Exam","S04-Q2",3,4,"E08"
"C0031","04 Abdo Exam","S04-Q3",3,4,"E07"
"C0031","04 Abdo Exam","S04-Q4",3,4,"E04"
"C0031","04 Abdo Exam","S04-Q5",2,4,"E08"
"C0031","05 Neuro Exam","S05-Q1",4,4,"E05"
"C0031","05 Neuro Exam","S05-Q2",3,4,"E10"
"C0031","05 Neuro Exam","S05-Q3",3,4,"E09"
"C0031","05 Neuro Exam","S05-Q4",0,4,"E08"
"C0031","05 Neuro Exam","S05-Q5",3,4,"E01"
"C0031","06 Communication","S06-Q1",3,4,"E10"
"C0031","06 Communication","S06-Q2",3,4,"E07"
"C0031","06 Communication","S06-Q3",3,4,"E02"
"C0031","06 Communication","S06-Q4",3,4,"E10"
"C0031","06 Communication","S06-Q5",1,4,"E06"
"C0031","07 Prescribing","S07-Q1",2,4,"E09"
"C0031","07 Prescribing","S07-Q2",3,4,"E10"
"C0031","07 Prescribing","S07-Q3",1,4,"E05"
"C0031","07 Prescribing","S07-Q4",3,4,"E05"
"C0031","07 Prescribing","S07-Q5",0,4,"E07"
"C0031","08 Data Interp","S08-Q1",3,4,"E03"
"C0031","08 Data Interp","S08-Q2",2,4,"E11"
"C0031","08 Data Interp","S08-Q3",2,4,"E06"
"C0031","08 Data Interp","S08-Q4",3,4,"E10"
"C0031","08 Data Interp","S08-Q5",1,4,"E11"
"C0031","09 Practical Skills","S09-Q1",4,4,"E05"
"C0031","09 Practical Skills","S09-Q2",3,4,"E05"
"C0031","09 Practical Skills","S09-Q3",1,4,"E01"
"C0031","09 Practical Skills","S09-Q4",2,4,"E11"
"C0031","09 Practical Skills","S09-Q5",2,4,"E03"
"C0031","10 Ethics","S10-Q1",1,4,"E07"
"C0031","10 Ethics","S10-Q2",1,4,"E02"
"C0031","10 Ethics","S10-Q3",2,4,"E09"
"C0031","10 Ethics","S10-Q4",3,4,"E09"
"C0031","10 Ethics","S10-Q5",1,4,"E07"
"C0032","01 History Taking","S01-Q1",4,4,"E05"
"C0032","01 History Taking","S01-Q2",3,4,"E03"
"C0032","01 History Taking","S01-Q3",3,4,"E07"
"C0032","01 History Taking","S01-Q4",2,4,"E06"
"C0032","01 History Taking","S01-Q5",4,4,"E04"
"C0032","02 Cardio Exam","S02-Q1",4,4,"E02"
"C0032","02 Cardio Exam","S02-Q2",3,4,"E03"
"C0032","02 Cardio Exam","S02-Q3",1,4,"E09"
"C0032","02 Cardio Exam","S02-Q4",4,4,"E03"
"C0032","02 Cardio Exam","S02-Q5",3,4,"E04"
"C0032","03 Resp Exam","S03-Q1",2,4,"E07"
"C0032","03 Resp Exam","S03-Q2",3,4,"E10"
"C0032","03 Resp Exam","S03-Q3",1,4,"E04"
"C0032","03 Resp Exam","S03-Q4",0,4,"E08"
"C0032","03 Resp Exam","S03-Q5",3,4,"E11"
"C0032","04 Abdo Exam","S04-Q1",3,4,"E09"
"C0032","04 Abdo Exam","S04-Q2",2,4,"E02"
"C0032","04 Abdo Exam","S04-Q3",4,4,"E02"
"C0032","04 Abdo Exam","S04-Q4",2,4,"E09"
"C0032","04 Abdo Exam","S04-Q5",3,4,"E05"
"C0032","05 Neuro Exam","S05-Q1",2,4,"E02"
"C0032","05 Neuro Exam","S05-Q2",3,4,"E08"
"C0032","05 Neuro Exam","S05-Q3",1,4,"E01"
"C0032","05 Neuro Exam","S05-Q4",3,4,"E08"
"C0032","05 Neuro Exam","S05-Q5",4,4,"E06"
"C0032","06 Communication","S06-Q1",2,4,"E01"
"C0032","06 Communication","S06-Q2",3,4,"E07"
"C0032","06 Communication","S06-Q3",4,4,"E10"
"C0032","06 Communication","S06-Q4",2,4,"E01"
"C0032","06 Communication","S06-Q5",3,4,"E10"
"C0032","07 Prescribing","S07-Q1",3,4,"E10"
"C0032","07 Prescribing","S07-Q2",4,4,"E02"
"C0032","07 Prescribing","S07-Q3",0,4,"E08"
"C0032","07 Prescribing","S07-Q4",3,4,"E10"
"C0032","07 Prescribing","S07-Q5",3,4,"E06"
"C0032","08 Data Interp","S08-Q1",2,4,"E07"
"C0032","08 Data Interp","S08-Q2",4,4,"E05"
"C0032","08 Data Interp","S08-Q3",4,4,"E09"
"C0032","08 Data Interp","S08-Q4",2,4,"E06"
"C0032","08 Data Interp","S08-Q5",3,4,"E11"
"C0032","09 Practical Skills","S09-Q1",2,4,"E03"
"C0032","09 Practical Skills","S09-Q2",4,4,"E11"
"C0032","09 Practical Skills","S09-Q3",2,4,"E10"
"C0032","09 Practical Skills","S09-Q4",1,4,"E02"
"C0032","09 Practical Skills","S09-Q5",4,4,"E12"
"C0032","10 Ethics","S10-Q1",1,4,"E08"
"C0032","10 Ethics","S10-Q2",2,4,"E11"
"C0032","10 Ethics","S10-Q3",3,4,"E10"
"C0032","10 Ethics","S10-Q4",3,4,"E12"
"C0032","10 Ethics","S10-Q5",4,4,"E08"
"C0033","01 History Taking","S01-Q1",3,4,"E05"
"C0033","01 History Taking","S01-Q2",4,4,"E10"
"C0033","01 History Taking","S01-Q3",4,4,"E12"
"C0033","01 History Taking","S01-Q4",4,4,"E03"
"C0033","01 History Taking","S01-Q5",3,4,"E05"
"C0033","02 Cardio Exam","S02-Q1",4,4,"E03"
"C0033","02 Cardio Exam","S02-Q2",3,4,"E01"
"C0033","02 Cardio Exam","S02-Q3",3,4,"E11"
"C0033","02 Cardio Exam","S02-Q4",4,4,"E07"
"C0033","02 Cardio Exam","S02-Q5",3,4,"E02"
"C0033","03 Resp Exam","S03-Q1",3,4,"E04"
"C0033","03 Resp Exam","S03-Q2",3,4,"E11"
"C0033","03 Resp Exam","S03-Q3",4,4,"E07"
"C0033","03 Resp Exam","S03-Q4",4,4,"E11"
"C0033","03 Resp Exam","S03-Q5",0,4,"E09"
"C0033","04 Abdo Exam","S04-Q1",2,4,"E04"
"C0033","04 Abdo Exam","S04-Q2",4,4,"E05"
"C0033","04 Abdo Exam","S04-Q3",2,4,"E10"
"C0033","04 Abdo Exam","S04-Q4",4,4,"E09"
"C0033","04 Abdo Exam","S04-Q5",3,4,"E07"
"C0033","05 Neuro Exam","S05-Q1",3,4,"E02"
"C0033","05 Neuro Exam","S05-Q2",3,4,"E06"
"C0033","05 Neuro Exam","S05-Q3",3,4,"E07"
"C0033","05 Neuro Exam","S05-Q4",2,4,"E05"
"C0033","05 Neuro Exam","S05-Q5",4,4,"E03"
"C0033","06 Communication","S06-Q1",3,4,"E07"
"C0033","06 Communication","S06-Q2",0,4,"E07"
"C0033","06 Communication","S06-Q3",4,4,"E07"
"C0033","06 Communication","S06-Q4",3,4,"E08"
"C0033","06 Communication","S06-Q5",3,4,"E04"
"C0033","07 Prescribing","S07-Q1",2,4,"E07"
"C0033","07 Prescribing","S07-Q2",4,4,"E08"
"C0033","07 Prescribing","S07-Q3",1,4,"E08"
"C0033","07 Prescribing","S07-Q4",3,4,"E01"
"C0033","07 Prescribing","S07-Q5",3,4,"E02"
"C0033","08 Data Interp","S08-Q1",3,4,"E09"
"C0033","08 Data Interp","S08-Q2",2,4,"E11"
"C0033","08 Data Interp","S08-Q3",4,4,"E12"
"C0033","08 Data Interp","S08-Q4",4,4,"E11"
"C0033","08 Data Interp","S08-Q5",4,4,"E01"
"C0033","09 Practical Skills","S09-Q1",2,4,"E09"
"C0033","09 Practical Skills","S09-Q2",4,4,"E01"
"C0033","09 Practical Skills","S09-Q3",0,4,"E02"
"C0033","09 Practical Skills","S09-Q4",2,4,"E02"
"C0033","09 Practical Skills","S09-Q5",3,4,"E11"
"C0033","10 Ethics","S10-Q1",2,4,"E11"
"C0033","10 Ethics","S10-Q2",4,4,"E06"
"C0033","10 Ethics","S10-Q3",4,4,"E09"
"C0033","10 Ethics","S10-Q4",2,4,"E01"
"C0033","10 Ethics","S10-Q5",2,4,"E04"
"C0034","01 History Taking","S01-Q1",2,4,"E03"
"C0034","01 History Taking","S01-Q2",1,4,"E03"
"C0034","01 History Taking","S01-Q3",1,4,"E08"
"C0034","01 History Taking","S01-Q4",0,4,"E08"
"C0034","01 History Taking","S01-Q5",1,4,"E10"
"C0034","02 Cardio Exam","S02-Q1",2,4,"E04"
"C0034","02 Cardio Exam","S02-Q2",3,4,"E12"
"C0034","02 Cardio Exam","S02-Q3",0,4,"E05"
"C0034","02 Cardio Exam","S02-Q4",3,4,"E03"
"C0034","02 Cardio Exam","S02-Q5",4,4,"E10"
"C0034","03 Resp Exam","S03-Q1",2,4,"E02"
"C0034","03 Resp Exam","S03-Q2",2,4,"E02"
"C0034","03 Resp Exam","S03-Q3",0,4,"E09"
"C0034","03 Resp Exam","S03-Q4",2,4,"E02"
"C0034","03 Resp Exam","S03-Q5",0,4,"E06"
"C0034","04 Abdo Exam","S04-Q1",2,4,"E06"
"C0034","04 Abdo Exam","S04-Q2",2,4,"E04"
"C0034","04 Abdo Exam","S04-Q3",0,4,"E08"
"C0034","04 Abdo Exam","S04-Q4",1,4,"E08"
"C0034","04 Abdo Exam","S04-Q5",2,4,"E03"
"C0034","05 Neuro Exam","S05-Q1",0,4,"E08"
"C0034","05 Neuro Exam","S05-Q2",2,4,"E02"
"C0034","05 Neuro Exam","S05-Q3",2,4,"E01"
"C0034","05 Neuro Exam","S05-Q4",2,4,"E02"
"C0034","05 Neuro Exam","S05-Q5",3,4,"E02"
"C0034","06 Communication","S06-Q1",2,4,"E11"
"C0034","06 Communication","S06-Q2",0,4,"E03"
"C0034","06 Communication","S06-Q3",2,4,"E07"
"C0034","06 Communication","S06-Q4",3,4,"E09"
"C0034","06 Communication","S06-Q5",2,4,"E01"
"C0034","07 Prescribing","S07-Q1",1,4,"E08"
"C0034","07 Prescribing","S07-Q2",4,4,"E07"
"C0034","07 Prescribing","S07-Q3",1,4,"E10"
"C0034","07 Prescribing","S07-Q4",1,4,"E02"
"C0034","07 Prescribing","S07-Q5",2,4,"E12"
"C0034","08 Data Interp","S08-Q1",1,4,"E07"
"C0034","08 Data Interp","S08-Q2",0,4,"E03"
"C0034","08 Data Interp","S08-Q3",3,4,"E02"
"C0034","08 Data Interp","S08-Q4",2,4,"E02"
"C0034","08 Data Interp","S08-Q5",1,4,"E06"
"C0034","09 Practical Skills","S09-Q1",2,4,"E09"
"C0034","09 Practical Skills","S09-Q2",3,4,"E01"
"C0034","09 Practical Skills","S09-Q3",2,4,"E12"
"C0034","09 Practical Skills","S09-Q4",2,4,"E07"
"C0034","09 Practical Skills","S09-Q5",1,4,"E02"
"C0034","10 Ethics","S10-Q1",1,4,"E04"
"C0034","10 Ethics","S10-Q2",2,4,"E09"
"C0034","10 Ethics","S10-Q3",3,4,"E10"
"C0034","10 Ethics","S10-Q4",2,4,"E03"
"C0034","10 Ethics","S10-Q5",1,4,"E01"
"C0035","01 History Taking","S01-Q1",2,4,"E09"
"C0035","01 History Taking","S01-Q2",4,4,"E11"
"C0035","01 History Taking","S01-Q3",3,4,"E07"
"C0035","01 History Taking","S01-Q4",4,4,"E08"
"C0035","01 History Taking","S01-Q5",4,4,"E10"
"C0035","02 Cardio Exam","S02-Q1",4,4,"E10"
"C0035","02 Cardio Exam","S02-Q2",3,4,"E08"
"C0035","02 Cardio Exam","S02-Q3",4,4,"E07"
"C0035","02 Cardio Exam","S02-Q4",2,4,"E11"
"C0035","02 Cardio Exam","S02-Q5",4,4,"E11"
"C0035","03 Resp Exam","S03-Q1",4,4,"E10"
"C0035","03 Resp Exam","S03-Q2",3,4,"E04"
"C0035","03 Resp Exam","S03-Q3",2,4,"E06"
"C0035","03 Resp Exam","S03-Q4",2,4,"E01"
"C0035","03 Resp Exam","S03-Q5",4,4,"E12"
"C0035","04 Abdo Exam","S04-Q1",2,4,"E03"
"C0035","04 Abdo Exam","S04-Q2",4,4,"E11"
"C0035","04 Abdo Exam","S04-Q3",1,4,"E12"
"C0035","04 Abdo Exam","S04-Q4",4,4,"E02"
"C0035","04 Abdo Exam","S04-Q5",3,4,"E08"
"C0035","05 Neuro Exam","S05-Q1",4,4,"E09"
"C0035","05 Neuro Exam","S05-Q2",2,4,"E01"
"C0035","05 Neuro Exam","S05-Q3",2,4,"E03"
"C0035","05 Neuro Exam","S05-Q4",2,4,"E08"
"C0035","05 Neuro Exam","S05-Q5",3,4,"E05"
"C0035","06 Communication","S06-Q1",3,4,"E01"
"C0035","06 Communication","S06-Q2",1,4,"E01"
"C0035","06 Communication","S06-Q3",3,4,"E09"
"C0035","06 Communication","S06-Q4",2,4,"E04"
"C0035","06 Communication","S06-Q5",3,4,"E02"
"C0035","07 Prescribing","S07-Q1",3,4,"E02"
"C0035","07 Prescribing","S07-Q2",3,4,"E06"
"C0035","07 Prescribing","S07-Q3",1,4,"E10"
"C0035","07 Prescribing","S07-Q4",3,4,"E01"
"C0035","07 Prescribing","S07-Q5",3,4,"E11"
"C0035","08 Data Interp","S08-Q1",3,4,"E08"
"C0035","08 Data Interp","S08-Q2",2,4,"E04"
"C0035","08 Data Interp","S08-Q3",2,4,"E09"
"C0035","08 Data Interp","S08-Q4",3,4,"E05"
"C0035","08 Data Interp","S08-Q5",3,4,"E09"
"C0035","09 Practical Skills","S09-Q1",4,4,"E09"
"C0035","09 Practical Skills","S09-Q2",2,4,"E01"
"C0035","09 Practical Skills","S09-Q3",3,4,"E07"
"C0035","09 Practical Skills","S09-Q4",2,4,"E11"
"C0035","09 Practical Skills","S09-Q5",2,4,"E11"
"C0035","10 Ethics","S10-Q1",0,4,"E05"
"C0035","10 Ethics","S10-Q2",1,4,"E12"
"C0035","10 Ethics","S10-Q3",2,4,"E02"
"C0035","10 Ethics","S10-Q4",4,4,"E04"
"C0035","10 Ethics","S10-Q5",0,4,"E09"
"C0036","01 History Taking","S01-Q1",0,4,"E03"
"C0036","01 History Taking","S01-Q2",1,4,"E11"
"C0036","01 History Taking","S01-Q3",0,4,"E10"
"C0036","01 History Taking","S01-Q4",0,4,"E07"
"C0036","01 History Taking","S01-Q5",2,4,"E01"
"C0036","02 Cardio Exam","S02-Q1",2,4,"E01"
"C0036","02 Cardio Exam","S02-Q2",1,4,"E11"
"C0036","02 Cardio Exam","S02-Q3",2,4,"E05"
"C0036","02 Cardio Exam","S02-Q4",1,4,"E01"
"C0036","02 Cardio Exam","S02-Q5",1,4,"E06"
"C0036","03 Resp Exam","S03-Q1",0,4,"E01"
"C0036","03 Resp Exam","S03-Q2",1,4,"E03"
"C0036","03 Resp Exam","S03-Q3",1,4,"E06"
"C0036","03 Resp Exam","S03-Q4",1,4,"E07"
"C0036","03 Resp Exam","S03-Q5",1,4,"E03"
"C0036","04 Abdo Exam","S04-Q1",0,4,"E07"
"C0036","04 Abdo Exam","S04-Q2",0,4,"E05"
"C0036","04 Abdo Exam","S04-Q3",0,4,"E02"
"C0036","04 Abdo Exam","S04-Q4",1,4,"E06"
"C0036","04 Abdo Exam","S04-Q5",2,4,"E10"
"C0036","05 Neuro Exam","S05-Q1",0,4,"E08"
"C0036","05 Neuro Exam","S05-Q2",3,4,"E12"
"C0036","05 Neuro Exam","S05-Q3",2,4,"E12"
"C0036","05 Neuro Exam","S05-Q4",1,4,"E03"
"C0036","05 Neuro Exam","S05-Q5",0,4,"E03"
"C0036","06 Communication","S06-Q1",0,4,"E05"
"C0036","06 Communication","S06-Q2",0,4,"E02"
"C0036","06 Communication","S06-Q3",0,4,"E08"
"C0036","06 Communication","S06-Q4",1,4,"E03"
"C0036","06 Communication","S06-Q5",1,4,"E07"
"C0036","07 Prescribing","S07-Q1",0,4,"E10"
"C0036","07 Prescribing","S07-Q2",0,4,"E12"
"C0036","07 Prescribing","S07-Q3",0,4,"E09"
"C0036","07 Prescribing","S07-Q4",2,4,"E08"
"C0036","07 Prescribing","S07-Q5",2,4,"E08"
"C0036","08 Data Interp","S08-Q1",2,4,"E04"
"C0036","08 Data Interp","S08-Q2",0,4,"E03"
"C0036","08 Data Interp","S08-Q3",0,4,"E05"
"C0036","08 Data Interp","S08-Q4",1,4,"E10"
"C0036","08 Data Interp","S08-Q5",0,4,"E10"
"C0036","09 Practical Skills","S09-Q1",1,4,"E06"
"C0036","09 Practical Skills","S09-Q2",0,4,"E03"
"C0036","09 Practical Skills","S09-Q3",0,4,"E03"
"C0036","09 Practical Skills","S09-Q4",2,4,"E06"
"C0036","09 Practical Skills","S09-Q5",1,4,"E12"
"C0036","10 Ethics","S10-Q1",0,4,"E12"
"C0036","10 Ethics","S10-Q2",2,4,"E11"
"C0036","10 Ethics","S10-Q3",0,4,"E09"
"C0036","10 Ethics","S10-Q4",1,4,"E07"
"C0036","10 Ethics","S10-Q5",1,4,"E02"
"C0037","01 History Taking","S01-Q1",3,4,"E05"
"C0037","01 History Taking","S01-Q2",0,4,"E03"
"C0037","01 History Taking","S01-Q3",1,4,"E05"
"C0037","01 History Taking","S01-Q4",2,4,"E11"
"C0037","01 History Taking","S01-Q5",2,4,"E09"
"C0037","02 Cardio Exam","S02-Q1",3,4,"E02"
"C0037","02 Cardio Exam","S02-Q2",2,4,"E07"
"C0037","02 Cardio Exam","S02-Q3",2,4,"E07"
"C0037","02 Cardio Exam","S02-Q4",3,4,"E12"
"C0037","02 Cardio Exam","S02-Q5",4,4,"E02"
"C0037","03 Resp Exam","S03-Q1",1,4,"E06"
"C0037","03 Resp Exam","S03-Q2",3,4,"E06"
"C0037","03 Resp Exam","S03-Q3",3,4,"E07"
"C0037","03 Resp Exam","S03-Q4",0,4,"E10"
"C0037","03 Resp Exam","S03-Q5",1,4,"E06"
"C0037","04 Abdo Exam","S04-Q1",2,4,"E04"
"C0037","04 Abdo Exam","S04-Q2",0,4,"E01"
"C0037","04 Abdo Exam","S04-Q3",0,4,"E03"
"C0037","04 Abdo Exam","S04-Q4",2,4,"E12"
"C0037","04 Abdo Exam","S04-Q5",1,4,"E03"
"C0037","05 Neuro Exam","S05-Q1",3,4,"E10"
"C0037","05 Neuro Exam","S05-Q2",1,4,"E07"
"C0037","05 Neuro Exam","S05-Q3",2,4,"E04"
"C0037","05 Neuro Exam","S05-Q4",2,4,"E02"
"C0037","05 Neuro Exam","S05-Q5",2,4,"E05"
"C0037","06 Communication","S06-Q1",1,4,"E11"
"C0037","06 Communication","S06-Q2",2,4,"E09"
"C0037","06 Communication","S06-Q3",1,4,"E08"
"C0037","06 Communication","S06-Q4",0,4,"E11"
"C0037","06 Communication","S06-Q5",2,4,"E01"
"C0037","07 Prescribing","S07-Q1",1,4,"E09"
"C0037","07 Prescribing","S07-Q2",3,4,"E07"
"C0037","07 Prescribing","S07-Q3",0,4,"E02"
"C0037","07 Prescribing","S07-Q4",3,4,"E07"
"C0037","07 Prescribing","S07-Q5",2,4,"E03"
"C0037","08 Data Interp","S08-Q1",1,4,"E06"
"C0037","08 Data Interp","S08-Q2",1,4,"E01"
"C0037","08 Data Interp","S08-Q3",0,4,"E05"
"C0037","08 Data Interp","S08-Q4",0,4,"E02"
"C0037","08 Data Interp","S08-Q5",2,4,"E09"
"C0037","09 Practical Skills","S09-Q1",0,4,"E08"
"C0037","09 Practical Skills","S09-Q2",3,4,"E08"
"C0037","09 Practical Skills","S09-Q3",0,4,"E06"
"C0037","09 Practical Skills","S09-Q4",0,4,"E10"
"C0037","09 Practical Skills","S09-Q5",3,4,"E07"
"C0037","10 Ethics","S10-Q1",0,4,"E01"
"C0037","10 Ethics","S10-Q2",1,4,"E01"
"C0037","10 Ethics","S10-Q3",1,4,"E04"
"C0037","10 Ethics","S10-Q4",1,4,"E03"
"C0037","10 Ethics","S10-Q5",1,4,"E05"
"C0038","01 History Taking","S01-Q1",1,4,"E12"
"C0038","01 History Taking","S01-Q2",3,4,"E06"
"C0038","01 History Taking","S01-Q3",1,4,"E02"
"C0038","01 History Taking","S01-Q4",2,4,"E01"
"C0038","01 History Taking","S01-Q5",1,4,"E06"
"C0038","02 Cardio Exam","S02-Q1",1,4,"E06"
"C0038","02 Cardio Exam","S02-Q2",2,4,"E05"
"C0038","02 Cardio Exam","S02-Q3",3,4,"E03"
"C0038","02 Cardio Exam","S02-Q4",1,4,"E12"
"C0038","02 Cardio Exam","S02-Q5",1,4,"E11"
"C0038","03 Resp Exam","S03-Q1",1,4,"E11"
"C0038","03 Resp Exam","S03-Q2",2,4,"E11"
"C0038","03 Resp Exam","S03-Q3",0,4,"E08"
"C0038","03 Resp Exam","S03-Q4",0,4,"E07"
"C0038","03 Resp Exam","S03-Q5",0,4,"E06"
"C0038","04 Abdo Exam","S04-Q1",3,4,"E11"
"C0038","04 Abdo Exam","S04-Q2",3,4,"E11"
"C0038","04 Abdo Exam","S04-Q3",1,4,"E12"
"C0038","04 Abdo Exam","S04-Q4",1,4,"E09"
"C0038","04 Abdo Exam","S04-Q5",1,4,"E08"
"C0038","05 Neuro Exam","S05-Q1",1,4,"E12"
"C0038","05 Neuro Exam","S05-Q2",3,4,"E04"
"C0038","05 Neuro Exam","S05-Q3",0,4,"E03"
"C0038","05 Neuro Exam","S05-Q4",0,4,"E04"
"C0038","05 Neuro Exam","S05-Q5",1,4,"E10"
"C0038","06 Communication","S06-Q1",1,4,"E12"
"C0038","06 Communication","S06-Q2",0,4,"E10"
"C0038","06 Communication","S06-Q3",3,4,"E11"
"C0038","06 Communication","S06-Q4",0,4,"E12"
"C0038","06 Communication","S06-Q5",2,4,"E02"
"C0038","07 Prescribing","S07-Q1",2,4,"E08"
"C0038","07 Prescribing","S07-Q2",2,4,"E11"
"C0038","07 Prescribing","S07-Q3",0,4,"E12"
"C0038","07 Prescribing","S07-Q4",1,4,"E02"
"C0038","07 Prescribing","S07-Q5",0,4,"E09"
"C0038","08 Data Interp","S08-Q1",2,4,"E05"
"C0038","08 Data Interp","S08-Q2",1,4,"E02"
"C0038","08 Data Interp","S08-Q3",0,4,"E08"
"C0038","08 Data Interp","S08-Q4",1,4,"E06"
"C0038","08 Data Interp","S08-Q5",2,4,"E08"
"C0038","09 Practical Skills","S09-Q1",1,4,"E12"
"C0038","09 Practical Skills","S09-Q2",2,4,"E04"
"C0038","09 Practical Skills","S09-Q3",1,4,"E01"
"C0038","09 Practical Skills","S09-Q4",2,4,"E10"
"C0038","09 Practical Skills","S09-Q5",1,4,"E04"
"C0038","10 Ethics","S10-Q1",1,4,"E08"
"C0038","10 Ethics","S10-Q2",0,4,"E05"
"C0038","10 Ethics","S10-Q3",1,4,"E07"
"C0038","10 Ethics","S10-Q4",1,4,"E03"
"C0038","10 Ethics","S10-Q5",0,4,"E05"
"C0039","01 History Taking","S01-Q1",2,4,"E11"
"C0039","01 History Taking","S01-Q2",2,4,"E09"
"C0039","01 History Taking","S01-Q3",0,4,"E09"
"C0039","01 History Taking","S01-Q4",1,4,"E06"
"C0039","01 History Taking","S01-Q5",0,4,"E07"
"C0039","02 Cardio Exam","S02-Q1",0,4,"E07"
"C0039","02 Cardio Exam","S02-Q2",1,4,"E10"
"C0039","02 Cardio Exam","S02-Q3",0,4,"E08"
"C0039","02 Cardio Exam","S02-Q4",1,4,"E12"
"C0039","02 Cardio Exam","S02-Q5",0,4,"E11"
"C0039","03 Resp Exam","S03-Q1",1,4,"E08"
"C0039","03 Resp Exam","S03-Q2",0,4,"E07"
"C0039","03 Resp Exam","S03-Q3",0,4,"E03"
"C0039","03 Resp Exam","S03-Q4",1,4,"E06"
"C0039","03 Resp Exam","S03-Q5",0,4,"E06"
"C0039","04 Abdo Exam","S04-Q1",0,4,"E09"
"C0039","04 Abdo Exam","S04-Q2",1,4,"E12"
"C0039","04 Abdo Exam","S04-Q3",0,4,"E03"
"C0039","04 Abdo Exam","S04-Q4",0,4,"E08"
"C0039","04 Abdo Exam","S04-Q5",2,4,"E02"
"C0039","05 Neuro Exam","S05-Q1",0,4,"E05"
"C0039","05 Neuro Exam","S05-Q2",2,4,"E07"
"C0039","05 Neuro Exam","S05-Q3",0,4,"E09"
"C0039","05 Neuro Exam","S05-Q4",1,4,"E05"
"C0039","05 Neuro Exam","S05-Q5",1,4,"E03"
"C0039","06 Communication","S06-Q1",1,4,"E05"
"C0039","06 Communication","S06-Q2",1,4,"E04"
"C0039","06 Communication","S06-Q3",0,4,"E05"
"C0039","06 Communication","S06-Q4",0,4,"E11"
"C0039","06 Communication","S06-Q5",0,4,"E11"
"C0039","07 Prescribing","S07-Q1",0,4,"E01"
"C0039","07 Prescribing","S07-Q2",2,4,"E08"
"C0039","07 Prescribing","S07-Q3",0,4,"E01"
"C0039","07 Prescribing","S07-Q4",0,4,"E06"
"C0039","07 Prescribing","S07-Q5",0,4,"E08"
"C0039","08 Data Interp","S08-Q1",0,4,"E07"
"C0039","08 Data Interp","S08-Q2",0,4,"E11"
"C0039","08 Data Interp","S08-Q3",0,4,"E03"
"C0039","08 Data Interp","S08-Q4",0,4,"E10"
"C0039","08 Data Interp","S08-Q5",0,4,"E07"
"C0039","09 Practical Skills","S09-Q1",0,4,"E08"
"C0039","09 Practical Skills","S09-Q2",2,4,"E04"
"C0039","09 Practical Skills","S09-Q3",0,4,"E06"
"C0039","09 Practical Skills","S09-Q4",0,4,"E05"
"C0039","09 Practical Skills","S09-Q5",0,4,"E08"
"C0039","10 Ethics","S10-Q1",1,4,"E03"
"C0039","10 Ethics","S10-Q2",2,4,"E11"
"C0039","10 Ethics","S10-Q3",1,4,"E01"
"C0039","10 Ethics","S10-Q4",0,4,"E05"
"C0039","10 Ethics","S10-Q5",0,4,"E07"
"C0040","01 History Taking","S01-Q1",2,4,"E06"
"C0040","01 History Taking","S01-Q2",2,4,"E10"
"C0040","01 History Taking","S01-Q3",4,4,"E02"
"C0040","01 History Taking","S01-Q4",4,4,"E03"
"C0040","01 History Taking","S01-Q5",3,4,"E02"
"C0040","02 Cardio Exam","S02-Q1",1,4,"E12"
"C0040","02 Cardio Exam","S02-Q2",3,4,"E06"
"C0040","02 Cardio Exam","S02-Q3",4,4,"E03"
"C0040","02 Cardio Exam","S02-Q4",2,4,"E10"
"C0040","02 Cardio Exam","S02-Q5",2,4,"E11"
"C0040","03 Resp Exam","S03-Q1",2,4,"E12"
"C0040","03 Resp Exam","S03-Q2",1,4,"E07"
"C0040","03 Resp Exam","S03-Q3",3,4,"E10"
"C0040","03 Resp Exam","S03-Q4",0,4,"E01"
"C0040","03 Resp Exam","S03-Q5",2,4,"E07"
"C0040","04 Abdo Exam","S04-Q1",2,4,"E01"
"C0040","04 Abdo Exam","S04-Q2",2,4,"E10"
"C0040","04 Abdo Exam","S04-Q3",1,4,"E01"
"C0040","04 Abdo Exam","S04-Q4",4,4,"E02"
"C0040","04 Abdo Exam","S04-Q5",3,4,"E10"
"C0040","05 Neuro Exam","S05-Q1",1,4,"E11"
"C0040","05 Neuro Exam","S05-Q2",4,4,"E05"
"C0040","05 Neuro Exam","S05-Q3",2,4,"E12"
"C0040","05 Neuro Exam","S05-Q4",2,4,"E12"
"C0040","05 Neuro Exam","S05-Q5",1,4,"E11"
"C0040","06 Communication","S06-Q1",3,4,"E04"
"C0040","06 Communication","S06-Q2",3,4,"E11"
"C0040","06 Communication","S06-Q3",1,4,"E09"
"C0040","06 Communication","S06-Q4",1,4,"E11"
"C0040","06 Communication","S06-Q5",1,4,"E03"
"C0040","07 Prescribing","S07-Q1",2,4,"E12"
"C0040","07 Prescribing","S07-Q2",2,4,"E11"
"C0040","07 Prescribing","S07-Q3",0,4,"E02"
"C0040","07 Prescribing","S07-Q4",3,4,"E04"
"C0040","07 Prescribing","S07-Q5",2,4,"E08"
"C0040","08 Data Interp","S08-Q1",3,4,"E03"
"C0040","08 Data Interp","S08-Q2",3,4,"E05"
"C0040","08 Data Interp","S08-Q3",2,4,"E04"
"C0040","08 Data Interp","S08-Q4",2,4,"E12"
"C0040","08 Data Interp","S08-Q5",1,4,"E05"
"C0040","09 Practical Skills","S09-Q1",2,4,"E03"
"C0040","09 Practical Skills","S09-Q2",2,4,"E01"
"C0040","09 Practical Skills","S09-Q3",0,4,"E08"
"C0040","09 Practical Skills","S09-Q4",1,4,"E04"
"C0040","09 Practical Skills","S09-Q5",1,4,"E03"
"C0040","10 Ethics","S10-Q1",2,4,"E12"
"C0040","10 Ethics","S10-Q2",4,4,"E10"
"C0040","10 Ethics","S10-Q3",0,4,"E10"
"C0040","10 Ethics","S10-Q4",3,4,"E04"
"C0040","10 Ethics","S10-Q5",3,4,"E11"
"C0041","01 History Taking","S01-Q1",1,4,"E04"
"C0041","01 History Taking","S01-Q2",1,4,"E02"
"C0041","01 History Taking","S01-Q3",2,4,"E08"
"C0041","01 History Taking","S01-Q4",3,4,"E10"
"C0041","01 History Taking","S01-Q5",2,4,"E04"
"C0041","02 Cardio Exam","S02-Q1",3,4,"E09"
"C0041","02 Cardio Exam","S02-Q2",1,4,"E01"
"C0041","02 Cardio Exam","S02-Q3",2,4,"E03"
"C0041","02 Cardio Exam","S02-Q4",2,4,"E08"
"C0041","02 Cardio Exam","S02-Q5",3,4,"E01"
"C0041","03 Resp Exam","S03-Q1",2,4,"E01"
"C0041","03 Resp Exam","S03-Q2",3,4,"E10"
"C0041","03 Resp Exam","S03-Q3",1,4,"E12"
"C0041","03 Resp Exam","S03-Q4",1,4,"E07"
"C0041","03 Resp Exam","S03-Q5",1,4,"E12"
"C0041","04 Abdo Exam","S04-Q1",3,4,"E08"
"C0041","04 Abdo Exam","S04-Q2",3,4,"E12"
"C0041","04 Abdo Exam","S04-Q3",1,4,"E01"
"C0041","04 Abdo Exam","S04-Q4",3,4,"E08"
"C0041","04 Abdo Exam","S04-Q5",3,4,"E04"
"C0041","05 Neuro Exam","S05-Q1",3,4,"E12"
"C0041","05 Neuro Exam","S05-Q2",2,4,"E09"
"C0041","05 Neuro Exam","S05-Q3",2,4,"E04"
"C0041","05 Neuro Exam","S05-Q4",4,4,"E09"
"C0041","05 Neuro Exam","S05-Q5",4,4,"E12"
"C0041","06 Communication","S06-Q1",0,4,"E09"
"C0041","06 Communication","S06-Q2",1,4,"E08"
"C0041","06 Communication","S06-Q3",2,4,"E05"
"C0041","06 Communication","S06-Q4",2,4,"E07"
"C0041","06 Communication","S06-Q5",2,4,"E12"
"C0041","07 Prescribing","S07-Q1",3,4,"E01"
"C0041","07 Prescribing","S07-Q2",1,4,"E02"
"C0041","07 Prescribing","S07-Q3",1,4,"E12"
"C0041","07 Prescribing","S07-Q4",1,4,"E12"
"C0041","07 Prescribing","S07-Q5",3,4,"E06"
"C0041","08 Data Interp","S08-Q1",2,4,"E08"
"C0041","08 Data Interp","S08-Q2",0,4,"E11"
"C0041","08 Data Interp","S08-Q3",3,4,"E05"
"C0041","08 Data Interp","S08-Q4",2,4,"E11"
"C0041","08 Data Interp","S08-Q5",0,4,"E05"
"C0041","09 Practical Skills","S09-Q1",2,4,"E04"
"C0041","09 Practical Skills","S09-Q2",3,4,"E06"
"C0041","09 Practical Skills","S09-Q3",1,4,"E09"
"C0041","09 Practical Skills","S09-Q4",1,4,"E03"
"C0041","09 Practical Skills","S09-Q5",2,4,"E01"
"C0041","10 Ethics","S10-Q1",1,4,"E12"
"C0041","10 Ethics","S10-Q2",1,4,"E03"
"C0041","10 Ethics","S10-Q3",0,4,"E02"
"C0041","10 Ethics","S10-Q4",2,4,"E02"
"C0041","10 Ethics","S10-Q5",1,4,"E02"
"C0042","01 History Taking","S01-Q1",4,4,"E12"
"C0042","01 History Taking","S01-Q2",2,4,"E02"
"C0042","01 History Taking","S01-Q3",2,4,"E05"
"C0042","01 History Taking","S01-Q4",2,4,"E06"
"C0042","01 History Taking","S01-Q5",3,4,"E07"
"C0042","02 Cardio Exam","S02-Q1",1,4,"E05"
"C0042","02 Cardio Exam","S02-Q2",1,4,"E05"
"C0042","02 Cardio Exam","S02-Q3",2,4,"E10"
"C0042","02 Cardio Exam","S02-Q4",2,4,"E02"
"C0042","02 Cardio Exam","S02-Q5",2,4,"E11"
"C0042","03 Resp Exam","S03-Q1",1,4,"E03"
"C0042","03 Resp Exam","S03-Q2",2,4,"E08"
"C0042","03 Resp Exam","S03-Q3",4,4,"E12"
"C0042","03 Resp Exam","S03-Q4",2,4,"E07"
"C0042","03 Resp Exam","S03-Q5",1,4,"E03"
"C0042","04 Abdo Exam","S04-Q1",1,4,"E11"
"C0042","04 Abdo Exam","S04-Q2",2,4,"E09"
"C0042","04 Abdo Exam","S04-Q3",0,4,"E01"
"C0042","04 Abdo Exam","S04-Q4",2,4,"E09"
"C0042","04 Abdo Exam","S04-Q5",1,4,"E09"
"C0042","05 Neuro Exam","S05-Q1",2,4,"E09"
"C0042","05 Neuro Exam","S05-Q2",0,4,"E01"
"C0042","05 Neuro Exam","S05-Q3",0,4,"E04"
"C0042","05 Neuro Exam","S05-Q4",1,4,"E05"
"C0042","05 Neuro Exam","S05-Q5",2,4,"E08"
"C0042","06 Communication","S06-Q1",1,4,"E02"
"C0042","06 Communication","S06-Q2",0,4,"E10"
"C0042","06 Communication","S06-Q3",3,4,"E02"
"C0042","06 Communication","S06-Q4",2,4,"E10"
"C0042","06 Communication","S06-Q5",4,4,"E07"
"C0042","07 Prescribing","S07-Q1",3,4,"E01"
"C0042","07 Prescribing","S07-Q2",3,4,"E07"
"C0042","07 Prescribing","S07-Q3",0,4,"E06"
"C0042","07 Prescribing","S07-Q4",1,4,"E04"
"C0042","07 Prescribing","S07-Q5",3,4,"E06"
"C0042","08 Data Interp","S08-Q1",3,4,"E06"
"C0042","08 Data Interp","S08-Q2",1,4,"E04"
"C0042","08 Data Interp","S08-Q3",1,4,"E11"
"C0042","08 Data Interp","S08-Q4",1,4,"E08"
"C0042","08 Data Interp","S08-Q5",1,4,"E06"
"C0042","09 Practical Skills","S09-Q1",1,4,"E12"
"C0042","09 Practical Skills","S09-Q2",0,4,"E04"
"C0042","09 Practical Skills","S09-Q3",4,4,"E05"
"C0042","09 Practical Skills","S09-Q4",1,4,"E02"
"C0042","09 Practical Skills","S09-Q5",0,4,"E07"
"C0042","10 Ethics","S10-Q1",2,4,"E04"
"C0042","10 Ethics","S10-Q2",2,4,"E09"
"C0042","10 Ethics","S10-Q3",3,4,"E09"
"C0042","10 Ethics","S10-Q4",1,4,"E12"
"C0042","10 Ethics","S10-Q5",0,4,"E11"
"C0043","01 History Taking","S01-Q1",4,4,"E09"
"C0043","01 History Taking","S01-Q2",3,4,"E03"
"C0043","01 History Taking","S01-Q3",4,4,"E04"
"C0043","01 History Taking","S01-Q4",3,4,"E08"
"C0043","01 History Taking","S01-Q5",4,4,"E04"
"C0043","02 Cardio Exam","S02-Q1",4,4,"E09"
"C0043","02 Cardio Exam","S02-Q2",1,4,"E02"
"C0043","02 Cardio Exam","S02-Q3",4,4,"E07"
"C0043","02 Cardio Exam","S02-Q4",1,4,"E04"
"C0043","02 Cardio Exam","S02-Q5",2,4,"E05"
"C0043","03 Resp Exam","S03-Q1",4,4,"E02"
"C0043","03 Resp Exam","S03-Q2",3,4,"E12"
"C0043","03 Resp Exam","S03-Q3",4,4,"E07"
"C0043","03 Resp Exam","S03-Q4",1,4,"E07"
"C0043","03 Resp Exam","S03-Q5",2,4,"E07"
"C0043","04 Abdo Exam","S04-Q1",2,4,"E05"
"C0043","04 Abdo Exam","S04-Q2",1,4,"E12"
"C0043","04 Abdo Exam","S04-Q3",3,4,"E01"
"C0043","04 Abdo Exam","S04-Q4",1,4,"E11"
"C0043","04 Abdo Exam","S04-Q5",2,4,"E01"
"C0043","05 Neuro Exam","S05-Q1",3,4,"E08"
"C0043","05 Neuro Exam","S05-Q2",4,4,"E07"
"C0043","05 Neuro Exam","S05-Q3",4,4,"E02"
"C0043","05 Neuro Exam","S05-Q4",4,4,"E11"
"C0043","05 Neuro Exam","S05-Q5",2,4,"E04"
"C0043","06 Communication","S06-Q1",3,4,"E09"
"C0043","06 Communication","S06-Q2",4,4,"E06"
"C0043","06 Communication","S06-Q3",3,4,"E10"
"C0043","06 Communication","S06-Q4",2,4,"E07"
"C0043","06 Communication","S06-Q5",3,4,"E06"
"C0043","07 Prescribing","S07-Q1",4,4,"E07"
"C0043","07 Prescribing","S07-Q2",3,4,"E01"
"C0043","07 Prescribing","S07-Q3",0,4,"E11"
"C0043","07 Prescribing","S07-Q4",3,4,"E12"
"C0043","07 Prescribing","S07-Q5",2,4,"E05"
"C0043","08 Data Interp","S08-Q1",3,4,"E09"
"C0043","08 Data Interp","S08-Q2",4,4,"E03"
"C0043","08 Data Interp","S08-Q3",3,4,"E12"
"C0043","08 Data Interp","S08-Q4",2,4,"E02"
"C0043","08 Data Interp","S08-Q5",1,4,"E04"
"C0043","09 Practical Skills","S09-Q1",4,4,"E06"
"C0043","09 Practical Skills","S09-Q2",3,4,"E11"
"C0043","09 Practical Skills","S09-Q3",3,4,"E03"
"C0043","09 Practical Skills","S09-Q4",4,4,"E04"
"C0043","09 Practical Skills","S09-Q5",2,4,"E10"
"C0043","10 Ethics","S10-Q1",1,4,"E11"
"C0043","10 Ethics","S10-Q2",1,4,"E06"
"C0043","10 Ethics","S10-Q3",3,4,"E04"
"C0043","10 Ethics","S10-Q4",2,4,"E07"
"C0043","10 Ethics","S10-Q5",3,4,"E02"
"C0044","01 History Taking","S01-Q1",0,4,"E09"
"C0044","01 History Taking","S01-Q2",0,4,"E07"
"C0044","01 History Taking","S01-Q3",3,4,"E07"
"C0044","01 History Taking","S01-Q4",3,4,"E04"
"C0044","01 History Taking","S01-Q5",1,4,"E08"
"C0044","02 Cardio Exam","S02-Q1",1,4,"E06"
"C0044","02 Cardio Exam","S02-Q2",4,4,"E11"
"C0044","02 Cardio Exam","S02-Q3",3,4,"E11"
"C0044","02 Cardio Exam","S02-Q4",2,4,"E01"
"C0044","02 Cardio Exam","S02-Q5",3,4,"E02"
"C0044","03 Resp Exam","S03-Q1",1,4,"E01"
"C0044","03 Resp Exam","S03-Q2",1,4,"E03"
"C0044","03 Resp Exam","S03-Q3",3,4,"E12"
"C0044","03 Resp Exam","S03-Q4",2,4,"E08"
"C0044","03 Resp Exam","S03-Q5",2,4,"E10"
"C0044","04 Abdo Exam","S04-Q1",2,4,"E06"
"C0044","04 Abdo Exam","S04-Q2",1,4,"E02"
"C0044","04 Abdo Exam","S04-Q3",2,4,"E06"
"C0044","04 Abdo Exam","S04-Q4",2,4,"E12"
"C0044","04 Abdo Exam","S04-Q5",2,4,"E09"
"C0044","05 Neuro Exam","S05-Q1",3,4,"E03"
"C0044","05 Neuro Exam","S05-Q2",1,4,"E06"
"C0044","05 Neuro Exam","S05-Q3",1,4,"E08"
"C0044","05 Neuro Exam","S05-Q4",1,4,"E09"
"C0044","05 Neuro Exam","S05-Q5",3,4,"E04"
"C0044","06 Communication","S06-Q1",2,4,"E04"
"C0044","06 Communication","S06-Q2",1,4,"E02"
"C0044","06 Communication","S06-Q3",2,4,"E04"
"C0044","06 Communication","S06-Q4",1,4,"E01"
"C0044","06 Communication","S06-Q5",1,4,"E07"
"C0044","07 Prescribing","S07-Q1",3,4,"E08"
"C0044","07 Prescribing","S07-Q2",2,4,"E07"
"C0044","07 Prescribing","S07-Q3",1,4,"E08"
"C0044","07 Prescribing","S07-Q4",1,4,"E06"
"C0044","07 Prescribing","S07-Q5",1,4,"E05"
"C0044","08 Data Interp","S08-Q1",2,4,"E11"
"C0044","08 Data Interp","S08-Q2",0,4,"E12"
"C0044","08 Data Interp","S08-Q3",2,4,"E08"
"C0044","08 Data Interp","S08-Q4",4,4,"E06"
"C0044","08 Data Interp","S08-Q5",1,4,"E09"
"C0044","09 Practical Skills","S09-Q1",2,4,"E04"
"C0044","09 Practical Skills","S09-Q2",1,4,"E10"
"C0044","09 Practical Skills","S09-Q3",3,4,"E02"
"C0044","09 Practical Skills","S09-Q4",3,4,"E11"
"C0044","09 Practical Skills","S09-Q5",1,4,"E04"
"C0044","10 Ethics","S10-Q1",1,4,"E01"
"C0044","10 Ethics","S10-Q2",3,4,"E10"
"C0044","10 Ethics","S10-Q3",2,4,"E01"
"C0044","10 Ethics","S10-Q4",3,4,"E10"
"C0044","10 Ethics","S10-Q5",0,4,"E03"
"C0045","01 History Taking","S01-Q1",3,4,"E12"
"C0045","01 History Taking","S01-Q2",1,4,"E11"
"C0045","01 History Taking","S01-Q3",1,4,"E09"
"C0045","01 History Taking","S01-Q4",0,4,"E05"
"C0045","01 History Taking","S01-Q5",0,4,"E11"
"C0045","02 Cardio Exam","S02-Q1",0,4,"E07"
"C0045","02 Cardio Exam","S02-Q2",3,4,"E12"
"C0045","02 Cardio Exam","S02-Q3",3,4,"E09"
"C0045","02 Cardio Exam","S02-Q4",2,4,"E08"
"C0045","02 Cardio Exam","S02-Q5",1,4,"E10"
"C0045","03 Resp Exam","S03-Q1",1,4,"E11"
"C0045","03 Resp Exam","S03-Q2",1,4,"E05"
"C0045","03 Resp Exam","S03-Q3",1,4,"E04"
"C0045","03 Resp Exam","S03-Q4",2,4,"E10"
"C0045","03 Resp Exam","S03-Q5",1,4,"E06"
"C0045","04 Abdo Exam","S04-Q1",2,4,"E01"
"C0045","04 Abdo Exam","S04-Q2",2,4,"E02"
"C0045","04 Abdo Exam","S04-Q3",1,4,"E01"
"C0045","04 Abdo Exam","S04-Q4",0,4,"E03"
"C0045","04 Abdo Exam","S04-Q5",1,4,"E08"
"C0045","05 Neuro Exam","S05-Q1",0,4,"E03"
"C0045","05 Neuro Exam","S05-Q2",1,4,"E08"
"C0045","05 Neuro Exam","S05-Q3",1,4,"E12"
"C0045","05 Neuro Exam","S05-Q4",1,4,"E09"
"C0045","05 Neuro Exam","S05-Q5",0,4,"E01"
"C0045","06 Communication","S06-Q1",0,4,"E06"
"C0045","06 Communication","S06-Q2",1,4,"E06"
"C0045","06 Communication","S06-Q3",3,4,"E07"
"C0045","06 Communication","S06-Q4",1,4,"E06"
"C0045","06 Communication","S06-Q5",0,4,"E01"
"C0045","07 Prescribing","S07-Q1",2,4,"E02"
"C0045","07 Prescribing","S07-Q2",1,4,"E12"
"C0045","07 Prescribing","S07-Q3",0,4,"E11"
"C0045","07 Prescribing","S07-Q4",0,4,"E04"
"C0045","07 Prescribing","S07-Q5",1,4,"E02"
"C0045","08 Data Interp","S08-Q1",1,4,"E02"
"C0045","08 Data Interp","S08-Q2",0,4,"E10"
"C0045","08 Data Interp","S08-Q3",0,4,"E05"
"C0045","08 Data Interp","S08-Q4",2,4,"E04"
"C0045","08 Data Interp","S08-Q5",0,4,"E04"
"C0045","09 Practical Skills","S09-Q1",0,4,"E08"
"C0045","09 Practical Skills","S09-Q2",1,4,"E08"
"C0045","09 Practical Skills","S09-Q3",0,4,"E08"
"C0045","09 Practical Skills","S09-Q4",1,4,"E09"
"C0045","09 Practical Skills","S09-Q5",3,4,"E01"
"C0045","10 Ethics","S10-Q1",0,4,"E03"
"C0045","10 Ethics","S10-Q2",3,4,"E02"
"C0045","10 Ethics","S10-Q3",3,4,"E08"
"C0045","10 Ethics","S10-Q4",1,4,"E12"
"C0045","10 Ethics","S10-Q5",1,4,"E11"
"C0046","01 History Taking","S01-Q1",3,4,"E02"
"C0046","01 History Taking","S01-Q2",3,4,"E08"
"C0046","01 History Taking","S01-Q3",4,4,"E06"
"C0046","01 History Taking","S01-Q4",1,4,"E02"
"C0046","01 History Taking","S01-Q5",2,4,"E04"
"C0046","02 Cardio Exam","S02-Q1",3,4,"E03"
"C0046","02 Cardio Exam","S02-Q2",3,4,"E11"
"C0046","02 Cardio Exam","S02-Q3",4,4,"E03"
"C0046","02 Cardio Exam","S02-Q4",4,4,"E10"
"C0046","02 Cardio Exam","S02-Q5",3,4,"E04"
"C0046","03 Resp Exam","S03-Q1",3,4,"E12"
"C0046","03 Resp Exam","S03-Q2",3,4,"E02"
"C0046","03 Resp Exam","S03-Q3",2,4,"E01"
"C0046","03 Resp Exam","S03-Q4",2,4,"E01"
"C0046","03 Resp Exam","S03-Q5",3,4,"E03"
"C0046","04 Abdo Exam","S04-Q1",3,4,"E07"
"C0046","04 Abdo Exam","S04-Q2",3,4,"E10"
"C0046","04 Abdo Exam","S04-Q3",0,4,"E07"
"C0046","04 Abdo Exam","S04-Q4",2,4,"E12"
"C0046","04 Abdo Exam","S04-Q5",0,4,"E02"
"C0046","05 Neuro Exam","S05-Q1",2,4,"E05"
"C0046","05 Neuro Exam","S05-Q2",1,4,"E09"
"C0046","05 Neuro Exam","S05-Q3",4,4,"E11"
"C0046","05 Neuro Exam","S05-Q4",1,4,"E05"
"C0046","05 Neuro Exam","S05-Q5",1,4,"E01"
"C0046","06 Communication","S06-Q1",1,4,"E03"
"C0046","06 Communication","S06-Q2",4,4,"E02"
"C0046","06 Communication","S06-Q3",4,4,"E10"
"C0046","06 Communication","S06-Q4",1,4,"E10"
"C0046","06 Communication","S06-Q5",2,4,"E11"
"C0046","07 Prescribing","S07-Q1",1,4,"E01"
"C0046","07 Prescribing","S07-Q2",3,4,"E08"
"C0046","07 Prescribing","S07-Q3",0,4,"E09"
"C0046","07 Prescribing","S07-Q4",1,4,"E03"
"C0046","07 Prescribing","S07-Q5",1,4,"E11"
"C0046","08 Data Interp","S08-Q1",3,4,"E11"
"C0046","08 Data Interp","S08-Q2",2,4,"E02"
"C0046","08 Data Interp","S08-Q3",3,4,"E04"
"C0046","08 Data Interp","S08-Q4",4,4,"E02"
"C0046","08 Data Interp","S08-Q5",2,4,"E12"
"C0046","09 Practical Skills","S09-Q1",3,4,"E11"
"C0046","09 Practical Skills","S09-Q2",3,4,"E04"
"C0046","09 Practical Skills","S09-Q3",2,4,"E10"
"C0046","09 Practical Skills","S09-Q4",1,4,"E06"
"C0046","09 Practical Skills","S09-Q5",2,4,"E03"
"C0046","10 Ethics","S10-Q1",4,4,"E01"
"C0046","10 Ethics","S10-Q2",4,4,"E07"
"C0046","10 Ethics","S10-Q3",2,4,"E07"
"C0046","10 Ethics","S10-Q4",2,4,"E08"
"C0046","10 Ethics","S10-Q5",2,4,"E06"
"C0047","01 History Taking","S01-Q1",1,4,"E02"
"C0047","01 History Taking","S01-Q2",1,4,"E01"
"C0047","01 History Taking","S01-Q3",1,4,"E01"
"C0047","01 History Taking","S01-Q4",2,4,"E10"
"C0047","01 History Taking","S01-Q5",0,4,"E05"
"C0047","02 Cardio Exam","S02-Q1",0,4,"E09"
"C0047","02 Cardio Exam","S02-Q2",2,4,"E03"
"C0047","02 Cardio Exam","S02-Q3",2,4,"E02"
"C0047","02 Cardio Exam","S02-Q4",1,4,"E03"
"C0047","02 Cardio Exam","S02-Q5",2,4,"E05"
"C0047","03 Resp Exam","S03-Q1",2,4,"E01"
"C0047","03 Resp Exam","S03-Q2",1,4,"E10"
"C0047","03 Resp Exam","S03-Q3",3,4,"E05"
"C0047","03 Resp Exam","S03-Q4",1,4,"E11"
"C0047","03 Resp Exam","S03-Q5",1,4,"E11"
"C0047","04 Abdo Exam","S04-Q1",1,4,"E12"
"C0047","04 Abdo Exam","S04-Q2",1,4,"E06"
"C0047","04 Abdo Exam","S04-Q3",0,4,"E06"
"C0047","04 Abdo Exam","S04-Q4",2,4,"E09"
"C0047","04 Abdo Exam","S04-Q5",0,4,"E08"
"C0047","05 Neuro Exam","S05-Q1",2,4,"E02"
"C0047","05 Neuro Exam","S05-Q2",2,4,"E11"
"C0047","05 Neuro Exam","S05-Q3",0,4,"E10"
"C0047","05 Neuro Exam","S05-Q4",0,4,"E09"
"C0047","05 Neuro Exam","S05-Q5",0,4,"E01"
"C0047","06 Communication","S06-Q1",1,4,"E05"
"C0047","06 Communication","S06-Q2",2,4,"E04"
"C0047","06 Communication","S06-Q3",2,4,"E09"
"C0047","06 Communication","S06-Q4",2,4,"E09"
"C0047","06 Communication","S06-Q5",1,4,"E05"
"C0047","07 Prescribing","S07-Q1",2,4,"E05"
"C0047","07 Prescribing","S07-Q2",0,4,"E04"
"C0047","07 Prescribing","S07-Q3",0,4,"E07"
"C0047","07 Prescribing","S07-Q4",1,4,"E08"
"C0047","07 Prescribing","S07-Q5",1,4,"E04"
"C0047","08 Data Interp","S08-Q1",3,4,"E05"
"C0047","08 Data Interp","S08-Q2",0,4,"E03"
"C0047","08 Data Interp","S08-Q3",2,4,"E08"
"C0047","08 Data Interp","S08-Q4",2,4,"E03"
"C0047","08 Data Interp","S08-Q5",2,4,"E06"
"C0047","09 Practical Skills","S09-Q1",1,4,"E07"
"C0047","09 Practical Skills","S09-Q2",0,4,"E04"
"C0047","09 Practical Skills","S09-Q3",0,4,"E05"
"C0047","09 Practical Skills","S09-Q4",1,4,"E06"
"C0047","09 Practical Skills","S09-Q5",1,4,"E12"
"C0047","10 Ethics","S10-Q1",1,4,"E07"
"C0047","10 Ethics","S10-Q2",1,4,"E06"
"C0047","10 Ethics","S10-Q3",0,4,"E02"
"C0047","10 Ethics","S10-Q4",0,4,"E05"
"C0047","10 Ethics","S10-Q5",1,4,"E11"
"C0048","01 History Taking","S01-Q1",3,4,"E11"
"C0048","01 History Taking","S01-Q2",4,4,"E06"
"C0048","01 History Taking","S01-Q3",4,4,"E05"
"C0048","01 History Taking","S01-Q4",3,4,"E02"
"C0048","01 History Taking","S01-Q5",3,4,"E10"
"C0048","02 Cardio Exam","S02-Q1",2,4,"E09"
"C0048","02 Cardio Exam","S02-Q2",4,4,"E01"
"C0048","02 Cardio Exam","S02-Q3",3,4,"E03"
"C0048","02 Cardio Exam","S02-Q4",4,4,"E01"
"C0048","02 Cardio Exam","S02-Q5",3,4,"E08"
"C0048","03 Resp Exam","S03-Q1",3,4,"E12"
"C0048","03 Resp Exam","S03-Q2",3,4,"E10"
"C0048","03 Resp Exam","S03-Q3",3,4,"E08"
"C0048","03 Resp Exam","S03-Q4",3,4,"E09"
"C0048","03 Resp Exam","S03-Q5",2,4,"E01"
"C0048","04 Abdo Exam","S04-Q1",2,4,"E08"
"C0048","04 Abdo Exam","S04-Q2",4,4,"E04"
"C0048","04 Abdo Exam","S04-Q3",2,4,"E04"
"C0048","04 Abdo Exam","S04-Q4",2,4,"E06"
"C0048","04 Abdo Exam","S04-Q5",1,4,"E05"
"C0048","05 Neuro Exam","S05-Q1",2,4,"E04"
"C0048","05 Neuro Exam","S05-Q2",3,4,"E01"
"C0048","05 Neuro Exam","S05-Q3",4,4,"E08"
"C0048","05 Neuro Exam","S05-Q4",1,4,"E08"
"C0048","05 Neuro Exam","S05-Q5",4,4,"E03"
"C0048","06 Communication","S06-Q1",4,4,"E06"
"C0048","06 Communication","S06-Q2",4,4,"E12"
"C0048","06 Communication","S06-Q3",4,4,"E03"
"C0048","06 Communication","S06-Q4",2,4,"E09"
"C0048","06 Communication","S06-Q5",4,4,"E08"
"C0048","07 Prescribing","S07-Q1",4,4,"E06"
"C0048","07 Prescribing","S07-Q2",3,4,"E03"
"C0048","07 Prescribing","S07-Q3",1,4,"E08"
"C0048","07 Prescribing","S07-Q4",4,4,"E05"
"C0048","07 Prescribing","S07-Q5",4,4,"E01"
"C0048","08 Data Interp","S08-Q1",4,4,"E02"
"C0048","08 Data Interp","S08-Q2",3,4,"E05"
"C0048","08 Data Interp","S08-Q3",4,4,"E05"
"C0048","08 Data Interp","S08-Q4",4,4,"E07"
"C0048","08 Data Interp","S08-Q5",2,4,"E03"
"C0048","09 Practical Skills","S09-Q1",2,4,"E02"
"C0048","09 Practical Skills","S09-Q2",3,4,"E07"
"C0048","09 Practical Skills","S09-Q3",3,4,"E07"
"C0048","09 Practical Skills","S09-Q4",4,4,"E12"
"C0048","09 Practical Skills","S09-Q5",2,4,"E11"
"C0048","10 Ethics","S10-Q1",3,4,"E03"
"C0048","10 Ethics","S10-Q2",4,4,"E01"
"C0048","10 Ethics","S10-Q3",4,4,"E10"
"C0048","10 Ethics","S10-Q4",3,4,"E12"
"C0048","10 Ethics","S10-Q5",4,4,"E06"
"C0049","01 History Taking","S01-Q1",1,4,"E12"
"C0049","01 History Taking","S01-Q2",3,4,"E09"
"C0049","01 History Taking","S01-Q3",3,4,"E07"
"C0049","01 History Taking","S01-Q4",2,4,"E02"
"C0049","01 History Taking","S01-Q5",2,4,"E10"
"C0049","02 Cardio Exam","S02-Q1",1,4,"E07"
"C0049","02 Cardio Exam","S02-Q2",2,4,"E11"
"C0049","02 Cardio Exam","S02-Q3",4,4,"E04"
"C0049","02 Cardio Exam","S02-Q4",0,4,"E03"
"C0049","02 Cardio Exam","S02-Q5",0,4,"E03"
"C0049","03 Resp Exam","S03-Q1",3,4,"E10"
"C0049","03 Resp Exam","S03-Q2",2,4,"E02"
"C0049","03 Resp Exam","S03-Q3",1,4,"E11"
"C0049","03 Resp Exam","S03-Q4",0,4,"E08"
"C0049","03 Resp Exam","S03-Q5",1,4,"E08"
"C0049","04 Abdo Exam","S04-Q1",2,4,"E11"
"C0049","04 Abdo Exam","S04-Q2",3,4,"E03"
"C0049","04 Abdo Exam","S04-Q3",0,4,"E07"
"C0049","04 Abdo Exam","S04-Q4",1,4,"E01"
"C0049","04 Abdo Exam","S04-Q5",1,4,"E11"
"C0049","05 Neuro Exam","S05-Q1",2,4,"E09"
"C0049","05 Neuro Exam","S05-Q2",1,4,"E05"
"C0049","05 Neuro Exam","S05-Q3",1,4,"E09"
"C0049","05 Neuro Exam","S05-Q4",3,4,"E06"
"C0049","05 Neuro Exam","S05-Q5",2,4,"E07"
"C0049","06 Communication","S06-Q1",1,4,"E04"
"C0049","06 Communication","S06-Q2",3,4,"E04"
"C0049","06 Communication","S06-Q3",1,4,"E08"
"C0049","06 Communication","S06-Q4",2,4,"E06"
"C0049","06 Communication","S06-Q5",3,4,"E03"
"C0049","07 Prescribing","S07-Q1",0,4,"E08"
"C0049","07 Prescribing","S07-Q2",3,4,"E12"
"C0049","07 Prescribing","S07-Q3",1,4,"E04"
"C0049","07 Prescribing","S07-Q4",1,4,"E02"
"C0049","07 Prescribing","S07-Q5",2,4,"E04"
"C0049","08 Data Interp","S08-Q1",1,4,"E09"
"C0049","08 Data Interp","S08-Q2",1,4,"E02"
"C0049","08 Data Interp","S08-Q3",3,4,"E08"
"C0049","08 Data Interp","S08-Q4",3,4,"E04"
"C0049","08 Data Interp","S08-Q5",0,4,"E02"
"C0049","09 Practical Skills","S09-Q1",1,4,"E08"
"C0049","09 Practical Skills","S09-Q2",3,4,"E12"
"C0049","09 Practical Skills","S09-Q3",1,4,"E09"
"C0049","09 Practical Skills","S09-Q4",1,4,"E08"
"C0049","09 Practical Skills","S09-Q5",3,4,"E12"
"C0049","10 Ethics","S10-Q1",2,4,"E04"
"C0049","10 Ethics","S10-Q2",2,4,"E07"
"C0049","10 Ethics","S10-Q3",0,4,"E12"
"C0049","10 Ethics","S10-Q4",2,4,"E01"
"C0049","10 Ethics","S10-Q5",2,4,"E05"
"C0050","01 History Taking","S01-Q1",1,4,"E02"
"C0050","01 History Taking","S01-Q2",3,4,"E07"
"C0050","01 History Taking","S01-Q3",1,4,"E09"
"C0050","01 History Taking","S01-Q4",4,4,"E12"
"C0050","01 History Taking","S01-Q5",1,4,"E05"
"C0050","02 Cardio Exam","S02-Q1",0,4,"E07"
"C0050","02 Cardio Exam","S02-Q2",3,4,"E09"
"C0050","02 Cardio Exam","S02-Q3",4,4,"E12"
"C0050","02 Cardio Exam","S02-Q4",1,4,"E01"
"C0050","02 Cardio Exam","S02-Q5",4,4,"E03"
"C0050","03 Resp Exam","S03-Q1",2,4,"E03"
"C0050","03 Resp Exam","S03-Q2",3,4,"E12"
"C0050","03 Resp Exam","S03-Q3",2,4,"E07"
"C0050","03 Resp Exam","S03-Q4",2,4,"E04"
"C0050","03 Resp Exam","S03-Q5",3,4,"E05"
"C0050","04 Abdo Exam","S04-Q1",4,4,"E10"
"C0050","04 Abdo Exam","S04-Q2",2,4,"E08"
"C0050","04 Abdo Exam","S04-Q3",4,4,"E02"
"C0050","04 Abdo Exam","S04-Q4",3,4,"E02"
"C0050","04 Abdo Exam","S04-Q5",2,4,"E12"
"C0050","05 Neuro Exam","S05-Q1",2,4,"E08"
"C0050","05 Neuro Exam","S05-Q2",3,4,"E07"
"C0050","05 Neuro Exam","S05-Q3",3,4,"E10"
"C0050","05 Neuro Exam","S05-Q4",3,4,"E03"
"C0050","05 Neuro Exam","S05-Q5",1,4,"E03"
"C0050","06 Communication","S06-Q1",4,4,"E05"
"C0050","06 Communication","S06-Q2",4,4,"E06"
"C0050","06 Communication","S06-Q3",4,4,"E08"
"C0050","06 Communication","S06-Q4",0,4,"E10"
"C0050","06 Communication","S06-Q5",4,4,"E05"
"C0050","07 Prescribing","S07-Q1",2,4,"E12"
"C0050","07 Prescribing","S07-Q2",4,4,"E09"
"C0050","07 Prescribing","S07-Q3",0,4,"E05"
"C0050","07 Prescribing","S07-Q4",1,4,"E05"
"C0050","07 Prescribing","S07-Q5",2,4,"E07"
"C0050","08 Data Interp","S08-Q1",4,4,"E01"
"C0050","08 Data Interp","S08-Q2",3,4,"E06"
"C0050","08 Data Interp","S08-Q3",3,4,"E12"
"C0050","08 Data Interp","S08-Q4",4,4,"E04"
"C0050","08 Data Interp","S08-Q5",4,4,"E04"
"C0050","09 Practical Skills","S09-Q1",4,4,"E09"
"C0050","09 Practical Skills","S09-Q2",3,4,"E03"
"C0050","09 Practical Skills","S09-Q3",1,4,"E08"
"C0050","09 Practical Skills","S09-Q4",4,4,"E12"
"C0050","09 Practical Skills","S09-Q5",4,4,"E10"
"C0050","10 Ethics","S10-Q1",2,4,"E05"
"C0050","10 Ethics","S10-Q2",4,4,"E09"
"C0050","10 Ethics","S10-Q3",4,4,"E09"
"C0050","10 Ethics","S10-Q4",2,4,"E10"
"C0050","10 Ethics","S10-Q5",1,4,"E03"
"C0051","01 History Taking","S01-Q1",2,4,"E01"
"C0051","01 History Taking","S01-Q2",4,4,"E03"
"C0051","01 History Taking","S01-Q3",2,4,"E11"
"C0051","01 History Taking","S01-Q4",1,4,"E08"
"C0051","01 History Taking","S01-Q5",2,4,"E12"
"C0051","02 Cardio Exam","S02-Q1",3,4,"E06"
"C0051","02 Cardio Exam","S02-Q2",1,4,"E11"
"C0051","02 Cardio Exam","S02-Q3",3,4,"E06"
"C0051","02 Cardio Exam","S02-Q4",0,4,"E04"
"C0051","02 Cardio Exam","S02-Q5",1,4,"E02"
"C0051","03 Resp Exam","S03-Q1",1,4,"E09"
"C0051","03 Resp Exam","S03-Q2",3,4,"E12"
"C0051","03 Resp Exam","S03-Q3",2,4,"E06"
"C0051","03 Resp Exam","S03-Q4",1,4,"E06"
"C0051","03 Resp Exam","S03-Q5",2,4,"E08"
"C0051","04 Abdo Exam","S04-Q1",3,4,"E02"
"C0051","04 Abdo Exam","S04-Q2",3,4,"E01"
"C0051","04 Abdo Exam","S04-Q3",4,4,"E02"
"C0051","04 Abdo Exam","S04-Q4",1,4,"E07"
"C0051","04 Abdo Exam","S04-Q5",1,4,"E11"
"C0051","05 Neuro Exam","S05-Q1",3,4,"E11"
"C0051","05 Neuro Exam","S05-Q2",4,4,"E09"
"C0051","05 Neuro Exam","S05-Q3",4,4,"E04"
"C0051","05 Neuro Exam","S05-Q4",4,4,"E04"
"C0051","05 Neuro Exam","S05-Q5",3,4,"E08"
"C0051","06 Communication","S06-Q1",1,4,"E01"
"C0051","06 Communication","S06-Q2",3,4,"E06"
"C0051","06 Communication","S06-Q3",1,4,"E11"
"C0051","06 Communication","S06-Q4",1,4,"E09"
"C0051","06 Communication","S06-Q5",3,4,"E07"
"C0051","07 Prescribing","S07-Q1",0,4,"E02"
"C0051","07 Prescribing","S07-Q2",3,4,"E08"
"C0051","07 Prescribing","S07-Q3",0,4,"E12"
"C0051","07 Prescribing","S07-Q4",3,4,"E04"
"C0051","07 Prescribing","S07-Q5",1,4,"E08"
"C0051","08 Data Interp","S08-Q1",3,4,"E06"
"C0051","08 Data Interp","S08-Q2",2,4,"E01"
"C0051","08 Data Interp","S08-Q3",2,4,"E01"
"C0051","08 Data Interp","S08-Q4",3,4,"E01"
"C0051","08 Data Interp","S08-Q5",2,4,"E04"
"C0051","09 Practical Skills","S09-Q1",3,4,"E06"
"C0051","09 Practical Skills","S09-Q2",4,4,"E11"
"C0051","09 Practical Skills","S09-Q3",2,4,"E04"
"C0051","09 Practical Skills","S09-Q4",4,4,"E02"
"C0051","09 Practical Skills","S09-Q5",1,4,"E03"
"C0051","10 Ethics","S10-Q1",0,4,"E05"
"C0051","10 Ethics","S10-Q2",4,4,"E12"
"C0051","10 Ethics","S10-Q3",3,4,"E04"
"C0051","10 Ethics","S10-Q4",2,4,"E02"
"C0051","10 Ethics","S10-Q5",3,4,"E11"
"C0052","01 History Taking","S01-Q1",1,4,"E04"
"C0052","01 History Taking","S01-Q2",2,4,"E12"
"C0052","01 History Taking","S01-Q3",4,4,"E02"
"C0052","01 History Taking","S01-Q4",1,4,"E02"
"C0052","01 History Taking","S01-Q5",0,4,"E09"
"C0052","02 Cardio Exam","S02-Q1",2,4,"E11"
"C0052","02 Cardio Exam","S02-Q2",3,4,"E12"
"C0052","02 Cardio Exam","S02-Q3",3,4,"E03"
"C0052","02 Cardio Exam","S02-Q4",3,4,"E12"
"C0052","02 Cardio Exam","S02-Q5",2,4,"E10"
"C0052","03 Resp Exam","S03-Q1",1,4,"E03"
"C0052","03 Resp Exam","S03-Q2",3,4,"E11"
"C0052","03 Resp Exam","S03-Q3",1,4,"E01"
"C0052","03 Resp Exam","S03-Q4",0,4,"E08"
"C0052","03 Resp Exam","S03-Q5",0,4,"E04"
"C0052","04 Abdo Exam","S04-Q1",1,4,"E05"
"C0052","04 Abdo Exam","S04-Q2",2,4,"E05"
"C0052","04 Abdo Exam","S04-Q3",1,4,"E02"
"C0052","04 Abdo Exam","S04-Q4",1,4,"E10"
"C0052","04 Abdo Exam","S04-Q5",3,4,"E09"
"C0052","05 Neuro Exam","S05-Q1",2,4,"E06"
"C0052","05 Neuro Exam","S05-Q2",3,4,"E07"
"C0052","05 Neuro Exam","S05-Q3",0,4,"E04"
"C0052","05 Neuro Exam","S05-Q4",2,4,"E02"
"C0052","05 Neuro Exam","S05-Q5",2,4,"E06"
"C0052","06 Communication","S06-Q1",0,4,"E03"
"C0052","06 Communication","S06-Q2",1,4,"E05"
"C0052","06 Communication","S06-Q3",1,4,"E04"
"C0052","06 Communication","S06-Q4",3,4,"E09"
"C0052","06 Communication","S06-Q5",1,4,"E07"
"C0052","07 Prescribing","S07-Q1",1,4,"E12"
"C0052","07 Prescribing","S07-Q2",1,4,"E02"
"C0052","07 Prescribing","S07-Q3",0,4,"E12"
"C0052","07 Prescribing","S07-Q4",1,4,"E08"
"C0052","07 Prescribing","S07-Q5",1,4,"E11"
"C0052","08 Data Interp","S08-Q1",2,4,"E05"
"C0052","08 Data Interp","S08-Q2",4,4,"E08"
"C0052","08 Data Interp","S08-Q3",2,4,"E08"
"C0052","08 Data Interp","S08-Q4",1,4,"E09"
"C0052","08 Data Interp","S08-Q5",1,4,"E11"
"C0052","09 Practical Skills","S09-Q1",2,4,"E04"
"C0052","09 Practical Skills","S09-Q2",3,4,"E09"
"C0052","09 Practical Skills","S09-Q3",2,4,"E11"
"C0052","09 Practical Skills","S09-Q4",0,4,"E08"
"C0052","09 Practical Skills","S09-Q5",1,4,"E11"
"C0052","10 Ethics","S10-Q1",1,4,"E08"
"C0052","10 Ethics","S10-Q2",1,4,"E04"
"C0052","10 Ethics","S10-Q3",1,4,"E02"
"C0052","10 Ethics","S10-Q4",0,4,"E12"
"C0052","10 Ethics","S10-Q5",0,4,"E07"
"C0053","01 History Taking","S01-Q1",4,4,"E05"
"C0053","01 History Taking","S01-Q2",3,4,"E06"
"C0053","01 History Taking","S01-Q3",4,4,"E11"
"C0053","01 History Taking","S01-Q4",2,4,"E07"
"C0053","01 History Taking","S01-Q5",2,4,"E07"
"C0053","02 Cardio Exam","S02-Q1",4,4,"E01"
"C0053","02 Cardio Exam","S02-Q2",4,4,"E09"
"C0053","02 Cardio Exam","S02-Q3",4,4,"E12"
"C0053","02 Cardio Exam","S02-Q4",3,4,"E09"
"C0053","02 Cardio Exam","S02-Q5",2,4,"E11"
"C0053","03 Resp Exam","S03-Q1",3,4,"E06"
"C0053","03 Resp Exam","S03-Q2",4,4,"E09"
"C0053","03 Resp Exam","S03-Q3",3,4,"E07"
"C0053","03 Resp Exam","S03-Q4",1,4,"E10"
"C0053","03 Resp Exam","S03-Q5",2,4,"E12"
"C0053","04 Abdo Exam","S04-Q1",3,4,"E01"
"C0053","04 Abdo Exam","S04-Q2",4,4,"E07"
"C0053","04 Abdo Exam","S04-Q3",2,4,"E08"
"C0053","04 Abdo Exam","S04-Q4",2,4,"E03"
"C0053","04 Abdo Exam","S04-Q5",4,4,"E01"
"C0053","05 Neuro Exam","S05-Q1",2,4,"E10"
"C0053","05 Neuro Exam","S05-Q2",3,4,"E09"
"C0053","05 Neuro Exam","S05-Q3",4,4,"E12"
"C0053","05 Neuro Exam","S05-Q4",3,4,"E01"
"C0053","05 Neuro Exam","S05-Q5",2,4,"E01"
"C0053","06 Communication","S06-Q1",2,4,"E09"
"C0053","06 Communication","S06-Q2",2,4,"E07"
"C0053","06 Communication","S06-Q3",4,4,"E01"
"C0053","06 Communication","S06-Q4",4,4,"E09"
"C0053","06 Communication","S06-Q5",4,4,"E03"
"C0053","07 Prescribing","S07-Q1",4,4,"E06"
"C0053","07 Prescribing","S07-Q2",3,4,"E03"
"C0053","07 Prescribing","S07-Q3",2,4,"E04"
"C0053","07 Prescribing","S07-Q4",3,4,"E04"
"C0053","07 Prescribing","S07-Q5",4,4,"E10"
"C0053","08 Data Interp","S08-Q1",2,4,"E05"
"C0053","08 Data Interp","S08-Q2",3,4,"E12"
"C0053","08 Data Interp","S08-Q3",4,4,"E06"
"C0053","08 Data Interp","S08-Q4",4,4,"E08"
"C0053","08 Data Interp","S08-Q5",4,4,"E01"
"C0053","09 Practical Skills","S09-Q1",2,4,"E09"
"C0053","09 Practical Skills","S09-Q2",2,4,"E05"
"C0053","09 Practical Skills","S09-Q3",3,4,"E08"
"C0053","09 Practical Skills","S09-Q4",4,4,"E08"
"C0053","09 Practical Skills","S09-Q5",2,4,"E02"
"C0053","10 Ethics","S10-Q1",3,4,"E08"
"C0053","10 Ethics","S10-Q2",2,4,"E04"
"C0053","10 Ethics","S10-Q3",3,4,"E03"
"C0053","10 Ethics","S10-Q4",4,4,"E11"
"C0053","10 Ethics","S10-Q5",4,4,"E01"
"C0054","01 History Taking","S01-Q1",4,4,"E01"
"C0054","01 History Taking","S01-Q2",4,4,"E02"
"C0054","01 History Taking","S01-Q3",4,4,"E11"
"C0054","01 History Taking","S01-Q4",4,4,"E09"
"C0054","01 History Taking","S01-Q5",3,4,"E10"
"C0054","02 Cardio Exam","S02-Q1",2,4,"E09"
"C0054","02 Cardio Exam","S02-Q2",2,4,"E11"
"C0054","02 Cardio Exam","S02-Q3",3,4,"E09"
"C0054","02 Cardio Exam","S02-Q4",3,4,"E12"
"C0054","02 Cardio Exam","S02-Q5",4,4,"E10"
"C0054","03 Resp Exam","S03-Q1",2,4,"E04"
"C0054","03 Resp Exam","S03-Q2",3,4,"E06"
"C0054","03 Resp Exam","S03-Q3",3,4,"E07"
"C0054","03 Resp Exam","S03-Q4",0,4,"E08"
"C0054","03 Resp Exam","S03-Q5",1,4,"E07"
"C0054","04 Abdo Exam","S04-Q1",3,4,"E10"
"C0054","04 Abdo Exam","S04-Q2",4,4,"E06"
"C0054","04 Abdo Exam","S04-Q3",2,4,"E08"
"C0054","04 Abdo Exam","S04-Q4",4,4,"E12"
"C0054","04 Abdo Exam","S04-Q5",3,4,"E04"
"C0054","05 Neuro Exam","S05-Q1",4,4,"E06"
"C0054","05 Neuro Exam","S05-Q2",4,4,"E03"
"C0054","05 Neuro Exam","S05-Q3",4,4,"E05"
"C0054","05 Neuro Exam","S05-Q4",3,4,"E03"
"C0054","05 Neuro Exam","S05-Q5",3,4,"E09"
"C0054","06 Communication","S06-Q1",2,4,"E05"
"C0054","06 Communication","S06-Q2",4,4,"E07"
"C0054","06 Communication","S06-Q3",1,4,"E06"
"C0054","06 Communication","S06-Q4",1,4,"E11"
"C0054","06 Communication","S06-Q5",2,4,"E04"
"C0054","07 Prescribing","S07-Q1",3,4,"E06"
"C0054","07 Prescribing","S07-Q2",2,4,"E03"
"C0054","07 Prescribing","S07-Q3",0,4,"E11"
"C0054","07 Prescribing","S07-Q4",3,4,"E05"
"C0054","07 Prescribing","S07-Q5",3,4,"E12"
"C0054","08 Data Interp","S08-Q1",4,4,"E07"
"C0054","08 Data Interp","S08-Q2",2,4,"E08"
"C0054","08 Data Interp","S08-Q3",2,4,"E08"
"C0054","08 Data Interp","S08-Q4",2,4,"E03"
"C0054","08 Data Interp","S08-Q5",1,4,"E12"
"C0054","09 Practical Skills","S09-Q1",2,4,"E06"
"C0054","09 Practical Skills","S09-Q2",4,4,"E02"
"C0054","09 Practical Skills","S09-Q3",2,4,"E03"
"C0054","09 Practical Skills","S09-Q4",2,4,"E04"
"C0054","09 Practical Skills","S09-Q5",3,4,"E01"
"C0054","10 Ethics","S10-Q1",3,4,"E12"
"C0054","10 Ethics","S10-Q2",4,4,"E01"
"C0054","10 Ethics","S10-Q3",2,4,"E11"
"C0054","10 Ethics","S10-Q4",1,4,"E09"
"C0054","10 Ethics","S10-Q5",3,4,"E07"
"C0055","01 History Taking","S01-Q1",2,4,"E06"
"C0055","01 History Taking","S01-Q2",4,4,"E07"
"C0055","01 History Taking","S01-Q3",3,4,"E03"
"C0055","01 History Taking","S01-Q4",2,4,"E01"
"C0055","01 History Taking","S01-Q5",4,4,"E05"
"C0055","02 Cardio Exam","S02-Q1",1,4,"E03"
"C0055","02 Cardio Exam","S02-Q2",1,4,"E01"
"C0055","02 Cardio Exam","S02-Q3",4,4,"E08"
"C0055","02 Cardio Exam","S02-Q4",3,4,"E04"
"C0055","02 Cardio Exam","S02-Q5",3,4,"E11"
"C0055","03 Resp Exam","S03-Q1",3,4,"E12"
"C0055","03 Resp Exam","S03-Q2",1,4,"E12"
"C0055","03 Resp Exam","S03-Q3",2,4,"E03"
"C0055","03 Resp Exam","S03-Q4",0,4,"E01"
"C0055","03 Resp Exam","S03-Q5",1,4,"E02"
"C0055","04 Abdo Exam","S04-Q1",1,4,"E01"
"C0055","04 Abdo Exam","S04-Q2",1,4,"E10"
"C0055","04 Abdo Exam","S04-Q3",2,4,"E09"
"C0055","04 Abdo Exam","S04-Q4",3,4,"E11"
"C0055","04 Abdo Exam","S04-Q5",4,4,"E11"
"C0055","05 Neuro Exam","S05-Q1",3,4,"E09"
"C0055","05 Neuro Exam","S05-Q2",1,4,"E07"
"C0055","05 Neuro Exam","S05-Q3",0,4,"E04"
"C0055","05 Neuro Exam","S05-Q4",3,4,"E11"
"C0055","05 Neuro Exam","S05-Q5",4,4,"E05"
"C0055","06 Communication","S06-Q1",2,4,"E11"
"C0055","06 Communication","S06-Q2",3,4,"E09"
"C0055","06 Communication","S06-Q3",0,4,"E05"
"C0055","06 Communication","S06-Q4",2,4,"E12"
"C0055","06 Communication","S06-Q5",2,4,"E12"
"C0055","07 Prescribing","S07-Q1",1,4,"E01"
"C0055","07 Prescribing","S07-Q2",4,4,"E11"
"C0055","07 Prescribing","S07-Q3",0,4,"E02"
"C0055","07 Prescribing","S07-Q4",3,4,"E11"
"C0055","07 Prescribing","S07-Q5",1,4,"E01"
"C0055","08 Data Interp","S08-Q1",4,4,"E01"
"C0055","08 Data Interp","S08-Q2",2,4,"E11"
"C0055","08 Data Interp","S08-Q3",4,4,"E09"
"C0055","08 Data Interp","S08-Q4",1,4,"E08"
"C0055","08 Data Interp","S08-Q5",3,4,"E12"
"C0055","09 Practical Skills","S09-Q1",3,4,"E12"
"C0055","09 Practical Skills","S09-Q2",4,4,"E03"
"C0055","09 Practical Skills","S09-Q3",3,4,"E12"
"C0055","09 Practical Skills","S09-Q4",3,4,"E09"
"C0055","09 Practical Skills","S09-Q5",1,4,"E11"
"C0055","10 Ethics","S10-Q1",0,4,"E02"
"C0055","10 Ethics","S10-Q2",3,4,"E09"
"C0055","10 Ethics","S10-Q3",1,4,"E10"
"C0055","10 Ethics","S10-Q4",1,4,"E08"
"C0055","10 Ethics","S10-Q5",3,4,"E06"
"C0056","01 History Taking","S01-Q1",4,4,"E04"
"C0056","01 History Taking","S01-Q2",2,4,"E01"
"C0056","01 History Taking","S01-Q3",2,4,"E06"
"C0056","01 History Taking","S01-Q4",2,4,"E10"
"C0056","01 History Taking","S01-Q5",3,4,"E11"
"C0056","02 Cardio Exam","S02-Q1",2,4,"E02"
"C0056","02 Cardio Exam","S02-Q2",2,4,"E05"
"C0056","02 Cardio Exam","S02-Q3",2,4,"E10"
"C0056","02 Cardio Exam","S02-Q4",4,4,"E06"
"C0056","02 Cardio Exam","S02-Q5",2,4,"E02"
"C0056","03 Resp Exam","S03-Q1",0,4,"E03"
"C0056","03 Resp Exam","S03-Q2",2,4,"E12"
"C0056","03 Resp Exam","S03-Q3",4,4,"E09"
"C0056","03 Resp Exam","S03-Q4",1,4,"E11"
"C0056","03 Resp Exam","S03-Q5",1,4,"E09"
"C0056","04 Abdo Exam","S04-Q1",3,4,"E04"
"C0056","04 Abdo Exam","S04-Q2",1,4,"E06"
"C0056","04 Abdo Exam","S04-Q3",1,4,"E11"
"C0056","04 Abdo Exam","S04-Q4",3,4,"E04"
"C0056","04 Abdo Exam","S04-Q5",1,4,"E07"
"C0056","05 Neuro Exam","S05-Q1",2,4,"E12"
"C0056","05 Neuro Exam","S05-Q2",2,4,"E05"
"C0056","05 Neuro Exam","S05-Q3",2,4,"E10"
"C0056","05 Neuro Exam","S05-Q4",2,4,"E05"
"C0056","05 Neuro Exam","S05-Q5",2,4,"E07"
"C0056","06 Communication","S06-Q1",3,4,"E06"
"C0056","06 Communication","S06-Q2",4,4,"E07"
"C0056","06 Communication","S06-Q3",3,4,"E12"
"C0056","06 Communication","S06-Q4",0,4,"E11"
"C0056","06 Communication","S06-Q5",4,4,"E09"
"C0056","07 Prescribing","S07-Q1",2,4,"E09"
"C0056","07 Prescribing","S07-Q2",3,4,"E12"
"C0056","07 Prescribing","S07-Q3",0,4,"E01"
"C0056","07 Prescribing","S07-Q4",3,4,"E04"
"C0056","07 Prescribing","S07-Q5",3,4,"E12"
"C0056","08 Data Interp","S08-Q1",4,4,"E06"
"C0056","08 Data Interp","S08-Q2",4,4,"E01"
"C0056","08 Data Interp","S08-Q3",4,4,"E08"
"C0056","08 Data Interp","S08-Q4",2,4,"E11"
"C0056","08 Data Interp","S08-Q5",0,4,"E11"
"C0056","09 Practical Skills","S09-Q1",1,4,"E02"
"C0056","09 Practical Skills","S09-Q2",2,4,"E09"
"C0056","09 Practical Skills","S09-Q3",2,4,"E06"
"C0056","09 Practical Skills","S09-Q4",1,4,"E01"
"C0056","09 Practical Skills","S09-Q5",4,4,"E01"
"C0056","10 Ethics","S10-Q1",3,4,"E01"
"C0056","10 Ethics","S10-Q2",3,4,"E10"
"C0056","10 Ethics","S10-Q3",1,4,"E12"
"C0056","10 Ethics","S10-Q4",3,4,"E05"
"C0056","10 Ethics","S10-Q5",2,4,"E03"
"C0057","01 History Taking","S01-Q1",4,4,"E09"
"C0057","01 History Taking","S01-Q2",3,4,"E04"
"C0057","01 History Taking","S01-Q3",3,4,"E02"
"C0057","01 History Taking","S01-Q4",1,4,"E12"
"C0057","01 History Taking","S01-Q5",3,4,"E03"
"C0057","02 Cardio Exam","S02-Q1",4,4,"E09"
"C0057","02 Cardio Exam","S02-Q2",2,4,"E08"
"C0057","02 Cardio Exam","S02-Q3",4,4,"E03"
"C0057","02 Cardio Exam","S02-Q4",1,4,"E02"
"C0057","02 Cardio Exam","S02-Q5",4,4,"E02"
"C0057","03 Resp Exam","S03-Q1",4,4,"E04"
"C0057","03 Resp Exam","S03-Q2",2,4,"E06"
"C0057","03 Resp Exam","S03-Q3",3,4,"E09"
"C0057","03 Resp Exam","S03-Q4",1,4,"E07"
"C0057","03 Resp Exam","S03-Q5",2,4,"E01"
"C0057","04 Abdo Exam","S04-Q1",4,4,"E02"
"C0057","04 Abdo Exam","S04-Q2",3,4,"E02"
"C0057","04 Abdo Exam","S04-Q3",3,4,"E05"
"C0057","04 Abdo Exam","S04-Q4",4,4,"E10"
"C0057","04 Abdo Exam","S04-Q5",3,4,"E07"
"C0057","05 Neuro Exam","S05-Q1",2,4,"E08"
"C0057","05 Neuro Exam","S05-Q2",3,4,"E03"
"C0057","05 Neuro Exam","S05-Q3",4,4,"E05"
"C0057","05 Neuro Exam","S05-Q4",4,4,"E04"
"C0057","05 Neuro Exam","S05-Q5",3,4,"E01"
"C0057","06 Communication","S06-Q1",1,4,"E06"
"C0057","06 Communication","S06-Q2",3,4,"E02"
"C0057","06 Communication","S06-Q3",2,4,"E08"
"C0057","06 Communication","S06-Q4",3,4,"E12"
"C0057","06 Communication","S06-Q5",3,4,"E11"
"C0057","07 Prescribing","S07-Q1",1,4,"E03"
"C0057","07 Prescribing","S07-Q2",3,4,"E02"
"C0057","07 Prescribing","S07-Q3",1,4,"E02"
"C0057","07 Prescribing","S07-Q4",2,4,"E04"
"C0057","07 Prescribing","S07-Q5",1,4,"E01"
"C0057","08 Data Interp","S08-Q1",3,4,"E11"
"C0057","08 Data Interp","S08-Q2",3,4,"E01"
"C0057","08 Data Interp","S08-Q3",3,4,"E02"
"C0057","08 Data Interp","S08-Q4",4,4,"E10"
"C0057","08 Data Interp","S08-Q5",2,4,"E05"
"C0057","09 Practical Skills","S09-Q1",3,4,"E11"
"C0057","09 Practical Skills","S09-Q2",4,4,"E05"
"C0057","09 Practical Skills","S09-Q3",2,4,"E01"
"C0057","09 Practical Skills","S09-Q4",3,4,"E02"
"C0057","09 Practical Skills","S09-Q5",1,4,"E07"
"C0057","10 Ethics","S10-Q1",3,4,"E12"
"C0057","10 Ethics","S10-Q2",4,4,"E12"
"C0057","10 Ethics","S10-Q3",1,4,"E04"
"C0057","10 Ethics","S10-Q4",1,4,"E11"
"C0057","10 Ethics","S10-Q5",0,4,"E08"
"C0058","01 History Taking","S01-Q1",4,4,"E02"
"C0058","01 History Taking","S01-Q2",3,4,"E03"
"C0058","01 History Taking","S01-Q3",1,4,"E04"
"C0058","01 History Taking","S01-Q4",4,4,"E07"
"C0058","01 History Taking","S01-Q5",1,4,"E07"
"C0058","02 Cardio Exam","S02-Q1",1,4,"E10"
"C0058","02 Cardio Exam","S02-Q2",3,4,"E01"
"C0058","02 Cardio Exam","S02-Q3",3,4,"E10"
"C0058","02 Cardio Exam","S02-Q4",3,4,"E11"
"C0058","02 Cardio Exam","S02-Q5",2,4,"E11"
"C0058","03 Resp Exam","S03-Q1",3,4,"E02"
"C0058","03 Resp Exam","S03-Q2",3,4,"E12"
"C0058","03 Resp Exam","S03-Q3",3,4,"E12"
"C0058","03 Resp Exam","S03-Q4",0,4,"E07"
"C0058","03 Resp Exam","S03-Q5",1,4,"E12"
"C0058","04 Abdo Exam","S04-Q1",1,4,"E06"
"C0058","04 Abdo Exam","S04-Q2",2,4,"E12"
"C0058","04 Abdo Exam","S04-Q3",0,4,"E10"
"C0058","04 Abdo Exam","S04-Q4",4,4,"E11"
"C0058","04 Abdo Exam","S04-Q5",2,4,"E05"
"C0058","05 Neuro Exam","S05-Q1",1,4,"E01"
"C0058","05 Neuro Exam","S05-Q2",2,4,"E07"
"C0058","05 Neuro Exam","S05-Q3",2,4,"E06"
"C0058","05 Neuro Exam","S05-Q4",3,4,"E03"
"C0058","05 Neuro Exam","S05-Q5",1,4,"E06"
"C0058","06 Communication","S06-Q1",1,4,"E09"
"C0058","06 Communication","S06-Q2",3,4,"E12"
"C0058","06 Communication","S06-Q3",1,4,"E01"
"C0058","06 Communication","S06-Q4",3,4,"E01"
"C0058","06 Communication","S06-Q5",1,4,"E08"
"C0058","07 Prescribing","S07-Q1",2,4,"E02"
"C0058","07 Prescribing","S07-Q2",4,4,"E11"
"C0058","07 Prescribing","S07-Q3",1,4,"E03"
"C0058","07 Prescribing","S07-Q4",2,4,"E07"
"C0058","07 Prescribing","S07-Q5",1,4,"E05"
"C0058","08 Data Interp","S08-Q1",2,4,"E01"
"C0058","08 Data Interp","S08-Q2",2,4,"E07"
"C0058","08 Data Interp","S08-Q3",4,4,"E10"
"C0058","08 Data Interp","S08-Q4",3,4,"E09"
"C0058","08 Data Interp","S08-Q5",0,4,"E11"
"C0058","09 Practical Skills","S09-Q1",0,4,"E12"
"C0058","09 Practical Skills","S09-Q2",3,4,"E07"
"C0058","09 Practical Skills","S09-Q3",0,4,"E07"
"C0058","09 Practical Skills","S09-Q4",2,4,"E01"
"C0058","09 Practical Skills","S09-Q5",2,4,"E02"
"C0058","10 Ethics","S10-Q1",3,4,"E01"
"C0058","10 Ethics","S10-Q2",3,4,"E10"
"C0058","10 Ethics","S10-Q3",1,4,"E11"
"C0058","10 Ethics","S10-Q4",3,4,"E08"
"C0058","10 Ethics","S10-Q5",1,4,"E02"
"C0059","01 History Taking","S01-Q1",0,4,"E01"
"C0059","01 History Taking","S01-Q2",1,4,"E04"
"C0059","01 History Taking","S01-Q3",0,4,"E09"
"C0059","01 History Taking","S01-Q4",0,4,"E12"
"C0059","01 History Taking","S01-Q5",0,4,"E11"
"C0059","02 Cardio Exam","S02-Q1",1,4,"E06"
"C0059","02 Cardio Exam","S02-Q2",2,4,"E12"
"C0059","02 Cardio Exam","S02-Q3",0,4,"E10"
"C0059","02 Cardio Exam","S02-Q4",0,4,"E06"
"C0059","02 Cardio Exam","S02-Q5",0,4,"E05"
"C0059","03 Resp Exam","S03-Q1",0,4,"E07"
"C0059","03 Resp Exam","S03-Q2",0,4,"E08"
"C0059","03 Resp Exam","S03-Q3",0,4,"E04"
"C0059","03 Resp Exam","S03-Q4",0,4,"E01"
"C0059","03 Resp Exam","S03-Q5",0,4,"E06"
"C0059","04 Abdo Exam","S04-Q1",0,4,"E07"
"C0059","04 Abdo Exam","S04-Q2",0,4,"E11"
"C0059","04 Abdo Exam","S04-Q3",0,4,"E07"
"C0059","04 Abdo Exam","S04-Q4",2,4,"E11"
"C0059","04 Abdo Exam","S04-Q5",0,4,"E08"
"C0059","05 Neuro Exam","S05-Q1",1,4,"E05"
"C0059","05 Neuro Exam","S05-Q2",0,4,"E11"
"C0059","05 Neuro Exam","S05-Q3",0,4,"E04"
"C0059","05 Neuro Exam","S05-Q4",1,4,"E11"
"C0059","05 Neuro Exam","S05-Q5",0,4,"E02"
"C0059","06 Communication","S06-Q1",0,4,"E03"
"C0059","06 Communication","S06-Q2",0,4,"E01"
"C0059","06 Communication","S06-Q3",1,4,"E10"
"C0059","06 Communication","S06-Q4",0,4,"E10"
"C0059","06 Communication","S06-Q5",0,4,"E10"
"C0059","07 Prescribing","S07-Q1",1,4,"E06"
"C0059","07 Prescribing","S07-Q2",2,4,"E01"
"C0059","07 Prescribing","S07-Q3",0,4,"E02"
"C0059","07 Prescribing","S07-Q4",0,4,"E06"
"C0059","07 Prescribing","S07-Q5",1,4,"E05"
"C0059","08 Data Interp","S08-Q1",0,4,"E10"
"C0059","08 Data Interp","S08-Q2",0,4,"E02"
"C0059","08 Data Interp","S08-Q3",0,4,"E09"
"C0059","08 Data Interp","S08-Q4",1,4,"E03"
"C0059","08 Data Interp","S08-Q5",0,4,"E12"
"C0059","09 Practical Skills","S09-Q1",0,4,"E06"
"C0059","09 Practical Skills","S09-Q2",0,4,"E03"
"C0059","09 Practical Skills","S09-Q3",3,4,"E01"
"C0059","09 Practical Skills","S09-Q4",1,4,"E07"
"C0059","09 Practical Skills","S09-Q5",0,4,"E02"
"C0059","10 Ethics","S10-Q1",0,4,"E03"
"C0059","10 Ethics","S10-Q2",1,4,"E11"
"C0059","10 Ethics","S10-Q3",0,4,"E05"
"C0059","10 Ethics","S10-Q4",0,4,"E07"
"C0059","10 Ethics","S10-Q5",0,4,"E02"
"C0060","01 History Taking","S01-Q1",4,4,"E11"
"C0060","01 History Taking","S01-Q2",4,4,"E03"
"C0060","01 History Taking","S01-Q3",4,4,"E09"
"C0060","01 History Taking","S01-Q4",4,4,"E11"
"C0060","01 History Taking","S01-Q5",2,4,"E03"
"C0060","02 Cardio Exam","S02-Q1",3,4,"E08"
"C0060","02 Cardio Exam","S02-Q2",1,4,"E05"
"C0060","02 Cardio Exam","S02-Q3",3,4,"E11"
"C0060","02 Cardio Exam","S02-Q4",3,4,"E01"
"C0060","02 Cardio Exam","S02-Q5",1,4,"E01"
"C0060","03 Resp Exam","S03-Q1",2,4,"E05"
"C0060","03 Resp Exam","S03-Q2",2,4,"E09"
"C0060","03 Resp Exam","S03-Q3",0,4,"E07"
"C0060","03 Resp Exam","S03-Q4",1,4,"E03"
"C0060","03 Resp Exam","S03-Q5",0,4,"E08"
"C0060","04 Abdo Exam","S04-Q1",3,4,"E01"
"C0060","04 Abdo Exam","S04-Q2",3,4,"E02"
"C0060","04 Abdo Exam","S04-Q3",2,4,"E06"
"C0060","04 Abdo Exam","S04-Q4",1,4,"E10"
"C0060","04 Abdo Exam","S04-Q5",1,4,"E12"
"C0060","05 Neuro Exam","S05-Q1",3,4,"E10"
"C0060","05 Neuro Exam","S05-Q2",4,4,"E12"
"C0060","05 Neuro Exam","S05-Q3",4,4,"E01"
"C0060","05 Neuro Exam","S05-Q4",2,4,"E03"
"C0060","05 Neuro Exam","S05-Q5",3,4,"E07"
"C0060","06 Communication","S06-Q1",2,4,"E12"
"C0060","06 Communication","S06-Q2",3,4,"E01"
"C0060","06 Communication","S06-Q3",3,4,"E01"
"C0060","06 Communication","S06-Q4",1,4,"E05"
"C0060","06 Communication","S06-Q5",2,4,"E05"
"C0060","07 Prescribing","S07-Q1",3,4,"E05"
"C0060","07 Prescribing","S07-Q2",4,4,"E01"
"C0060","07 Prescribing","S07-Q3",0,4,"E03"
"C0060","07 Prescribing","S07-Q4",2,4,"E11"
"C0060","07 Prescribing","S07-Q5",2,4,"E04"
"C0060","08 Data Interp","S08-Q1",3,4,"E09"
"C0060","08 Data Interp","S08-Q2",1,4,"E09"
"C0060","08 Data Interp","S08-Q3",0,4,"E04"
"C0060","08 Data Interp","S08-Q4",3,4,"E10"
"C0060","08 Data Interp","S08-Q5",4,4,"E03"
"C0060","09 Practical Skills","S09-Q1",0,4,"E09"
"C0060","09 Practical Skills","S09-Q2",2,4,"E03"
"C0060","09 Practical Skills","S09-Q3",4,4,"E07"
"C0060","09 Practical Skills","S09-Q4",3,4,"E02"
"C0060","09 Practical Skills","S09-Q5",3,4,"E06"
"C0060","10 Ethics","S10-Q1",0,4,"E01"
"C0060","10 Ethics","S10-Q2",3,4,"E06"
"C0060","10 Ethics","S10-Q3",3,4,"E05"
"C0060","10 Ethics","S10-Q4",3,4,"E08"
"C0060","10 Ethics","S10-Q5",1,4,"E10"
"C0061","01 History Taking","S01-Q1",3,4,"E06"
"C0061","01 History Taking","S01-Q2",2,4,"E06"
"C0061","01 History Taking","S01-Q3",1,4,"E05"
"C0061","01 History Taking","S01-Q4",2,4,"E11"
"C0061","01 History Taking","S01-Q5",1,4,"E07"
"C0061","02 Cardio Exam","S02-Q1",2,4,"E07"
"C0061","02 Cardio Exam","S02-Q2",2,4,"E05"
"C0061","02 Cardio Exam","S02-Q3",4,4,"E08"
"C0061","02 Cardio Exam","S02-Q4",1,4,"E05"
"C0061","02 Cardio Exam","S02-Q5",3,4,"E07"
"C0061","03 Resp Exam","S03-Q1",2,4,"E01"
"C0061","03 Resp Exam","S03-Q2",4,4,"E10"
"C0061","03 Resp Exam","S03-Q3",0,4,"E12"
"C0061","03 Resp Exam","S03-Q4",2,4,"E05"
"C0061","03 Resp Exam","S03-Q5",0,4,"E09"
"C0061","04 Abdo Exam","S04-Q1",2,4,"E04"
"C0061","04 Abdo Exam","S04-Q2",1,4,"E10"
"C0061","04 Abdo Exam","S04-Q3",2,4,"E02"
"C0061","04 Abdo Exam","S04-Q4",3,4,"E12"
"C0061","04 Abdo Exam","S04-Q5",1,4,"E02"
"C0061","05 Neuro Exam","S05-Q1",1,4,"E04"
"C0061","05 Neuro Exam","S05-Q2",2,4,"E03"
"C0061","05 Neuro Exam","S05-Q3",2,4,"E06"
"C0061","05 Neuro Exam","S05-Q4",1,4,"E06"
"C0061","05 Neuro Exam","S05-Q5",4,4,"E08"
"C0061","06 Communication","S06-Q1",2,4,"E08"
"C0061","06 Communication","S06-Q2",2,4,"E01"
"C0061","06 Communication","S06-Q3",2,4,"E07"
"C0061","06 Communication","S06-Q4",0,4,"E03"
"C0061","06 Communication","S06-Q5",2,4,"E04"
"C0061","07 Prescribing","S07-Q1",3,4,"E04"
"C0061","07 Prescribing","S07-Q2",3,4,"E09"
"C0061","07 Prescribing","S07-Q3",0,4,"E06"
"C0061","07 Prescribing","S07-Q4",1,4,"E04"
"C0061","07 Prescribing","S07-Q5",1,4,"E12"
"C0061","08 Data Interp","S08-Q1",2,4,"E07"
"C0061","08 Data Interp","S08-Q2",1,4,"E01"
"C0061","08 Data Interp","S08-Q3",1,4,"E10"
"C0061","08 Data Interp","S08-Q4",3,4,"E09"
"C0061","08 Data Interp","S08-Q5",0,4,"E07"
"C0061","09 Practical Skills","S09-Q1",2,4,"E07"
"C0061","09 Practical Skills","S09-Q2",1,4,"E10"
"C0061","09 Practical Skills","S09-Q3",0,4,"E07"
"C0061","09 Practical Skills","S09-Q4",1,4,"E01"
"C0061","09 Practical Skills","S09-Q5",4,4,"E02"
"C0061","10 Ethics","S10-Q1",2,4,"E07"
"C0061","10 Ethics","S10-Q2",1,4,"E09"
"C0061","10 Ethics","S10-Q3",3,4,"E12"
"C0061","10 Ethics","S10-Q4",3,4,"E03"
"C0061","10 Ethics","S10-Q5",0,4,"E08"
"C0062","01 History Taking","S01-Q1",4,4,"E12"
"C0062","01 History Taking","S01-Q2",2,4,"E01"
"C0062","01 History Taking","S01-Q3",2,4,"E11"
"C0062","01 History Taking","S01-Q4",3,4,"E05"
"C0062","01 History Taking","S01-Q5",2,4,"E05"
"C0062","02 Cardio Exam","S02-Q1",4,4,"E11"
"C0062","02 Cardio Exam","S02-Q2",4,4,"E06"
"C0062","02 Cardio Exam","S02-Q3",3,4,"E12"
"C0062","02 Cardio Exam","S02-Q4",1,4,"E03"
"C0062","02 Cardio Exam","S02-Q5",1,4,"E03"
"C0062","03 Resp Exam","S03-Q1",2,4,"E10"
"C0062","03 Resp Exam","S03-Q2",1,4,"E07"
"C0062","03 Resp Exam","S03-Q3",3,4,"E10"
"C0062","03 Resp Exam","S03-Q4",0,4,"E05"
"C0062","03 Resp Exam","S03-Q5",0,4,"E03"
"C0062","04 Abdo Exam","S04-Q1",4,4,"E09"
"C0062","04 Abdo Exam","S04-Q2",1,4,"E12"
"C0062","04 Abdo Exam","S04-Q3",3,4,"E09"
"C0062","04 Abdo Exam","S04-Q4",4,4,"E01"
"C0062","04 Abdo Exam","S04-Q5",2,4,"E10"
"C0062","05 Neuro Exam","S05-Q1",3,4,"E07"
"C0062","05 Neuro Exam","S05-Q2",2,4,"E11"
"C0062","05 Neuro Exam","S05-Q3",1,4,"E02"
"C0062","05 Neuro Exam","S05-Q4",3,4,"E07"
"C0062","05 Neuro Exam","S05-Q5",2,4,"E05"
"C0062","06 Communication","S06-Q1",2,4,"E09"
"C0062","06 Communication","S06-Q2",3,4,"E01"
"C0062","06 Communication","S06-Q3",3,4,"E09"
"C0062","06 Communication","S06-Q4",4,4,"E10"
"C0062","06 Communication","S06-Q5",3,4,"E05"
"C0062","07 Prescribing","S07-Q1",1,4,"E01"
"C0062","07 Prescribing","S07-Q2",3,4,"E06"
"C0062","07 Prescribing","S07-Q3",0,4,"E04"
"C0062","07 Prescribing","S07-Q4",1,4,"E04"
"C0062","07 Prescribing","S07-Q5",2,4,"E07"
"C0062","08 Data Interp","S08-Q1",4,4,"E02"
"C0062","08 Data Interp","S08-Q2",3,4,"E08"
"C0062","08 Data Interp","S08-Q3",3,4,"E02"
"C0062","08 Data Interp","S08-Q4",1,4,"E10"
"C0062","08 Data Interp","S08-Q5",1,4,"E01"
"C0062","09 Practical Skills","S09-Q1",3,4,"E08"
"C0062","09 Practical Skills","S09-Q2",0,4,"E11"
"C0062","09 Practical Skills","S09-Q3",0,4,"E11"
"C0062","09 Practical Skills","S09-Q4",2,4,"E08"
"C0062","09 Practical Skills","S09-Q5",2,4,"E06"
"C0062","10 Ethics","S10-Q1",2,4,"E05"
"C0062","10 Ethics","S10-Q2",2,4,"E12"
"C0062","10 Ethics","S10-Q3",2,4,"E12"
"C0062","10 Ethics","S10-Q4",2,4,"E06"
"C0062","10 Ethics","S10-Q5",4,4,"E12"
"C0063","01 History Taking","S01-Q1",2,4,"E06"
"C0063","01 History Taking","S01-Q2",4,4,"E02"
"C0063","01 History Taking","S01-Q3",3,4,"E05"
"C0063","01 History Taking","S01-Q4",3,4,"E10"
"C0063","01 History Taking","S01-Q5",2,4,"E10"
"C0063","02 Cardio Exam","S02-Q1",2,4,"E11"
"C0063","02 Cardio Exam","S02-Q2",3,4,"E11"
"C0063","02 Cardio Exam","S02-Q3",4,4,"E06"
"C0063","02 Cardio Exam","S02-Q4",4,4,"E09"
"C0063","02 Cardio Exam","S02-Q5",0,4,"E07"
"C0063","03 Resp Exam","S03-Q1",4,4,"E09"
"C0063","03 Resp Exam","S03-Q2",3,4,"E01"
"C0063","03 Resp Exam","S03-Q3",2,4,"E10"
"C0063","03 Resp Exam","S03-Q4",2,4,"E07"
"C0063","03 Resp Exam","S03-Q5",3,4,"E05"
"C0063","04 Abdo Exam","S04-Q1",4,4,"E06"
"C0063","04 Abdo Exam","S04-Q2",2,4,"E12"
"C0063","04 Abdo Exam","S04-Q3",1,4,"E08"
"C0063","04 Abdo Exam","S04-Q4",1,4,"E02"
"C0063","04 Abdo Exam","S04-Q5",4,4,"E01"
"C0063","05 Neuro Exam","S05-Q1",2,4,"E09"
"C0063","05 Neuro Exam","S05-Q2",3,4,"E06"
"C0063","05 Neuro Exam","S05-Q3",3,4,"E04"
"C0063","05 Neuro Exam","S05-Q4",1,4,"E03"
"C0063","05 Neuro Exam","S05-Q5",2,4,"E09"
"C0063","06 Communication","S06-Q1",1,4,"E10"
"C0063","06 Communication","S06-Q2",2,4,"E06"
"C0063","06 Communication","S06-Q3",1,4,"E07"
"C0063","06 Communication","S06-Q4",1,4,"E01"
"C0063","06 Communication","S06-Q5",4,4,"E10"
"C0063","07 Prescribing","S07-Q1",2,4,"E05"
"C0063","07 Prescribing","S07-Q2",2,4,"E08"
"C0063","07 Prescribing","S07-Q3",1,4,"E02"
"C0063","07 Prescribing","S07-Q4",4,4,"E04"
"C0063","07 Prescribing","S07-Q5",3,4,"E04"
"C0063","08 Data Interp","S08-Q1",3,4,"E04"
"C0063","08 Data Interp","S08-Q2",2,4,"E03"
"C0063","08 Data Interp","S08-Q3",4,4,"E09"
"C0063","08 Data Interp","S08-Q4",3,4,"E07"
"C0063","08 Data Interp","S08-Q5",4,4,"E08"
"C0063","09 Practical Skills","S09-Q1",3,4,"E07"
"C0063","09 Practical Skills","S09-Q2",2,4,"E11"
"C0063","09 Practical Skills","S09-Q3",3,4,"E05"
"C0063","09 Practical Skills","S09-Q4",4,4,"E05"
"C0063","09 Practical Skills","S09-Q5",0,4,"E02"
"C0063","10 Ethics","S10-Q1",3,4,"E08"
"C0063","10 Ethics","S10-Q2",3,4,"E05"
"C0063","10 Ethics","S10-Q3",4,4,"E03"
"C0063","10 Ethics","S10-Q4",3,4,"E10"
"C0063","10 Ethics","S10-Q5",1,4,"E02"
"C0064","01 History Taking","S01-Q1",2,4,"E11"
"C0064","01 History Taking","S01-Q2",4,4,"E03"
"C0064","01 History Taking","S01-Q3",3,4,"E02"
"C0064","01 History Taking","S01-Q4",4,4,"E02"
"C0064","01 History Taking","S01-Q5",2,4,"E11"
"C0064","02 Cardio Exam","S02-Q1",4,4,"E06"
"C0064","02 Cardio Exam","S02-Q2",2,4,"E11"
"C0064","02 Cardio Exam","S02-Q3",4,4,"E04"
"C0064","02 Cardio Exam","S02-Q4",4,4,"E10"
"C0064","02 Cardio Exam","S02-Q5",3,4,"E04"
"C0064","03 Resp Exam","S03-Q1",1,4,"E08"
"C0064","03 Resp Exam","S03-Q2",2,4,"E12"
"C0064","03 Resp Exam","S03-Q3",2,4,"E01"
"C0064","03 Resp Exam","S03-Q4",4,4,"E03"
"C0064","03 Resp Exam","S03-Q5",3,4,"E03"
"C0064","04 Abdo Exam","S04-Q1",3,4,"E06"
"C0064","04 Abdo Exam","S04-Q2",2,4,"E12"
"C0064","04 Abdo Exam","S04-Q3",3,4,"E02"
"C0064","04 Abdo Exam","S04-Q4",4,4,"E04"
"C0064","04 Abdo Exam","S04-Q5",4,4,"E03"
"C0064","05 Neuro Exam","S05-Q1",3,4,"E12"
"C0064","05 Neuro Exam","S05-Q2",4,4,"E01"
"C0064","05 Neuro Exam","S05-Q3",3,4,"E11"
"C0064","05 Neuro Exam","S05-Q4",3,4,"E08"
"C0064","05 Neuro Exam","S05-Q5",3,4,"E06"
"C0064","06 Communication","S06-Q1",2,4,"E05"
"C0064","06 Communication","S06-Q2",3,4,"E07"
"C0064","06 Communication","S06-Q3",3,4,"E06"
"C0064","06 Communication","S06-Q4",4,4,"E10"
"C0064","06 Communication","S06-Q5",3,4,"E12"
"C0064","07 Prescribing","S07-Q1",3,4,"E03"
"C0064","07 Prescribing","S07-Q2",3,4,"E04"
"C0064","07 Prescribing","S07-Q3",2,4,"E01"
"C0064","07 Prescribing","S07-Q4",2,4,"E04"
"C0064","07 Prescribing","S07-Q5",4,4,"E08"
"C0064","08 Data Interp","S08-Q1",4,4,"E07"
"C0064","08 Data Interp","S08-Q2",4,4,"E11"
"C0064","08 Data Interp","S08-Q3",3,4,"E10"
"C0064","08 Data Interp","S08-Q4",4,4,"E03"
"C0064","08 Data Interp","S08-Q5",3,4,"E11"
"C0064","09 Practical Skills","S09-Q1",4,4,"E03"
"C0064","09 Practical Skills","S09-Q2",3,4,"E03"
"C0064","09 Practical Skills","S09-Q3",2,4,"E06"
"C0064","09 Practical Skills","S09-Q4",2,4,"E07"
"C0064","09 Practical Skills","S09-Q5",4,4,"E01"
"C0064","10 Ethics","S10-Q1",1,4,"E12"
"C0064","10 Ethics","S10-Q2",2,4,"E10"
"C0064","10 Ethics","S10-Q3",1,4,"E01"
"C0064","10 Ethics","S10-Q4",3,4,"E04"
"C0064","10 Ethics","S10-Q5",4,4,"E12"
"C0065","01 History Taking","S01-Q1",1,4,"E11"
"C0065","01 History Taking","S01-Q2",2,4,"E03"
"C0065","01 History Taking","S01-Q3",1,4,"E12"
"C0065","01 History Taking","S01-Q4",4,4,"E01"
"C0065","01 History Taking","S01-Q5",1,4,"E10"
"C0065","02 Cardio Exam","S02-Q1",1,4,"E04"
"C0065","02 Cardio Exam","S02-Q2",1,4,"E02"
"C0065","02 Cardio Exam","S02-Q3",2,4,"E06"
"C0065","02 Cardio Exam","S02-Q4",4,4,"E07"
"C0065","02 Cardio Exam","S02-Q5",1,4,"E10"
"C0065","03 Resp Exam","S03-Q1",1,4,"E05"
"C0065","03 Resp Exam","S03-Q2",2,4,"E01"
"C0065","03 Resp Exam","S03-Q3",1,4,"E06"
"C0065","03 Resp Exam","S03-Q4",0,4,"E10"
"C0065","03 Resp Exam","S03-Q5",2,4,"E01"
"C0065","04 Abdo Exam","S04-Q1",2,4,"E05"
"C0065","04 Abdo Exam","S04-Q2",3,4,"E10"
"C0065","04 Abdo Exam","S04-Q3",1,4,"E07"
"C0065","04 Abdo Exam","S04-Q4",1,4,"E04"
"C0065","04 Abdo Exam","S04-Q5",1,4,"E11"
"C0065","05 Neuro Exam","S05-Q1",2,4,"E11"
"C0065","05 Neuro Exam","S05-Q2",2,4,"E02"
"C0065","05 Neuro Exam","S05-Q3",2,4,"E10"
"C0065","05 Neuro Exam","S05-Q4",0,4,"E09"
"C0065","05 Neuro Exam","S05-Q5",2,4,"E11"
"C0065","06 Communication","S06-Q1",1,4,"E10"
"C0065","06 Communication","S06-Q2",3,4,"E05"
"C0065","06 Communication","S06-Q3",2,4,"E07"
"C0065","06 Communication","S06-Q4",0,4,"E01"
"C0065","06 Communication","S06-Q5",3,4,"E02"
"C0065","07 Prescribing","S07-Q1",1,4,"E01"
"C0065","07 Prescribing","S07-Q2",3,4,"E02"
"C0065","07 Prescribing","S07-Q3",0,4,"E09"
"C0065","07 Prescribing","S07-Q4",1,4,"E04"
"C0065","07 Prescribing","S07-Q5",1,4,"E04"
"C0065","08 Data Interp","S08-Q1",3,4,"E02"
"C0065","08 Data Interp","S08-Q2",1,4,"E09"
"C0065","08 Data Interp","S08-Q3",1,4,"E12"
"C0065","08 Data Interp","S08-Q4",0,4,"E11"
"C0065","08 Data Interp","S08-Q5",0,4,"E08"
"C0065","09 Practical Skills","S09-Q1",2,4,"E01"
"C0065","09 Practical Skills","S09-Q2",4,4,"E06"
"C0065","09 Practical Skills","S09-Q3",3,4,"E10"
"C0065","09 Practical Skills","S09-Q4",0,4,"E06"
"C0065","09 Practical Skills","S09-Q5",3,4,"E09"
"C0065","10 Ethics","S10-Q1",0,4,"E08"
"C0065","10 Ethics","S10-Q2",1,4,"E05"
"C0065","10 Ethics","S10-Q3",3,4,"E06"
"C0065","10 Ethics","S10-Q4",0,4,"E02"
"C0065","10 Ethics","S10-Q5",2,4,"E10"
"C0066","01 History Taking","S01-Q1",4,4,"E07"
"C0066","01 History Taking","S01-Q2",3,4,"E02"
"C0066","01 History Taking","S01-Q3",3,4,"E12"
"C0066","01 History Taking","S01-Q4",4,4,"E10"
"C0066","01 History Taking","S01-Q5",2,4,"E12"
"C0066","02 Cardio Exam","S02-Q1",4,4,"E02"
"C0066","02 Cardio Exam","S02-Q2",3,4,"E08"
"C0066","02 Cardio Exam","S02-Q3",4,4,"E11"
"C0066","02 Cardio Exam","S02-Q4",4,4,"E09"
"C0066","02 Cardio Exam","S02-Q5",1,4,"E08"
"C0066","03 Resp Exam","S03-Q1",2,4,"E06"
"C0066","03 Resp Exam","S03-Q2",4,4,"E04"
"C0066","03 Resp Exam","S03-Q3",3,4,"E06"
"C0066","03 Resp Exam","S03-Q4",4,4,"E03"
"C0066","03 Resp Exam","S03-Q5",1,4,"E11"
"C0066","04 Abdo Exam","S04-Q1",3,4,"E10"
"C0066","04 Abdo Exam","S04-Q2",4,4,"E04"
"C0066","04 Abdo Exam","S04-Q3",1,4,"E08"
"C0066","04 Abdo Exam","S04-Q4",4,4,"E08"
"C0066","04 Abdo Exam","S04-Q5",3,4,"E07"
"C0066","05 Neuro Exam","S05-Q1",4,4,"E03"
"C0066","05 Neuro Exam","S05-Q2",4,4,"E02"
"C0066","05 Neuro Exam","S05-Q3",2,4,"E10"
"C0066","05 Neuro Exam","S05-Q4",4,4,"E04"
"C0066","05 Neuro Exam","S05-Q5",3,4,"E10"
"C0066","06 Communication","S06-Q1",2,4,"E09"
"C0066","06 Communication","S06-Q2",4,4,"E05"
"C0066","06 Communication","S06-Q3",3,4,"E11"
"C0066","06 Communication","S06-Q4",3,4,"E01"
"C0066","06 Communication","S06-Q5",3,4,"E08"
"C0066","07 Prescribing","S07-Q1",3,4,"E03"
"C0066","07 Prescribing","S07-Q2",3,4,"E07"
"C0066","07 Prescribing","S07-Q3",0,4,"E02"
"C0066","07 Prescribing","S07-Q4",3,4,"E05"
"C0066","07 Prescribing","S07-Q5",4,4,"E07"
"C0066","08 Data Interp","S08-Q1",3,4,"E08"
"C0066","08 Data Interp","S08-Q2",4,4,"E10"
"C0066","08 Data Interp","S08-Q3",3,4,"E04"
"C0066","08 Data Interp","S08-Q4",4,4,"E07"
"C0066","08 Data Interp","S08-Q5",1,4,"E11"
"C0066","09 Practical Skills","S09-Q1",4,4,"E07"
"C0066","09 Practical Skills","S09-Q2",4,4,"E02"
"C0066","09 Practical Skills","S09-Q3",2,4,"E08"
"C0066","09 Practical Skills","S09-Q4",0,4,"E01"
"C0066","09 Practical Skills","S09-Q5",4,4,"E04"
"C0066","10 Ethics","S10-Q1",1,4,"E09"
"C0066","10 Ethics","S10-Q2",3,4,"E03"
"C0066","10 Ethics","S10-Q3",3,4,"E10"
"C0066","10 Ethics","S10-Q4",3,4,"E04"
"C0066","10 Ethics","S10-Q5",4,4,"E02"
"C0067","01 History Taking","S01-Q1",4,4,"E05"
"C0067","01 History Taking","S01-Q2",1,4,"E12"
"C0067","01 History Taking","S01-Q3",0,4,"E06"
"C0067","01 History Taking","S01-Q4",3,4,"E03"
"C0067","01 History Taking","S01-Q5",2,4,"E07"
"C0067","02 Cardio Exam","S02-Q1",2,4,"E02"
"C0067","02 Cardio Exam","S02-Q2",4,4,"E09"
"C0067","02 Cardio Exam","S02-Q3",4,4,"E12"
"C0067","02 Cardio Exam","S02-Q4",4,4,"E03"
"C0067","02 Cardio Exam","S02-Q5",2,4,"E06"
"C0067","03 Resp Exam","S03-Q1",1,4,"E08"
"C0067","03 Resp Exam","S03-Q2",4,4,"E08"
"C0067","03 Resp Exam","S03-Q3",4,4,"E08"
"C0067","03 Resp Exam","S03-Q4",2,4,"E06"
"C0067","03 Resp Exam","S03-Q5",2,4,"E02"
"C0067","04 Abdo Exam","S04-Q1",4,4,"E11"
"C0067","04 Abdo Exam","S04-Q2",0,4,"E03"
"C0067","04 Abdo Exam","S04-Q3",0,4,"E01"
"C0067","04 Abdo Exam","S04-Q4",1,4,"E01"
"C0067","04 Abdo Exam","S04-Q5",1,4,"E04"
"C0067","05 Neuro Exam","S05-Q1",2,4,"E09"
"C0067","05 Neuro Exam","S05-Q2",1,4,"E06"
"C0067","05 Neuro Exam","S05-Q3",3,4,"E09"
"C0067","05 Neuro Exam","S05-Q4",3,4,"E09"
"C0067","05 Neuro Exam","S05-Q5",2,4,"E12"
"C0067","06 Communication","S06-Q1",2,4,"E09"
"C0067","06 Communication","S06-Q2",3,4,"E06"
"C0067","06 Communication","S06-Q3",4,4,"E04"
"C0067","06 Communication","S06-Q4",3,4,"E12"
"C0067","06 Communication","S06-Q5",4,4,"E02"
"C0067","07 Prescribing","S07-Q1",4,4,"E06"
"C0067","07 Prescribing","S07-Q2",4,4,"E07"
"C0067","07 Prescribing","S07-Q3",0,4,"E01"
"C0067","07 Prescribing","S07-Q4",3,4,"E06"
"C0067","07 Prescribing","S07-Q5",3,4,"E06"
"C0067","08 Data Interp","S08-Q1",4,4,"E10"
"C0067","08 Data Interp","S08-Q2",1,4,"E03"
"C0067","08 Data Interp","S08-Q3",3,4,"E01"
"C0067","08 Data Interp","S08-Q4",3,4,"E07"
"C0067","08 Data Interp","S08-Q5",0,4,"E05"
"C0067","09 Practical Skills","S09-Q1",2,4,"E04"
"C0067","09 Practical Skills","S09-Q2",4,4,"E09"
"C0067","09 Practical Skills","S09-Q3",1,4,"E10"
"C0067","09 Practical Skills","S09-Q4",3,4,"E05"
"C0067","09 Practical Skills","S09-Q5",2,4,"E09"
"C0067","10 Ethics","S10-Q1",0,4,"E06"
"C0067","10 Ethics","S10-Q2",3,4,"E03"
"C0067","10 Ethics","S10-Q3",3,4,"E01"
"C0067","10 Ethics","S10-Q4",1,4,"E12"
"C0067","10 Ethics","S10-Q5",2,4,"E11"
"C0068","01 History Taking","S01-Q1",2,4,"E04"
"C0068","01 History Taking","S01-Q2",3,4,"E07"
"C0068","01 History Taking","S01-Q3",3,4,"E01"
"C0068","01 History Taking","S01-Q4",3,4,"E10"
"C0068","01 History Taking","S01-Q5",3,4,"E07"
"C0068","02 Cardio Exam","S02-Q1",4,4,"E10"
"C0068","02 Cardio Exam","S02-Q2",2,4,"E08"
"C0068","02 Cardio Exam","S02-Q3",2,4,"E09"
"C0068","02 Cardio Exam","S02-Q4",2,4,"E11"
"C0068","02 Cardio Exam","S02-Q5",3,4,"E10"
"C0068","03 Resp Exam","S03-Q1",2,4,"E07"
"C0068","03 Resp Exam","S03-Q2",4,4,"E02"
"C0068","03 Resp Exam","S03-Q3",3,4,"E08"
"C0068","03 Resp Exam","S03-Q4",1,4,"E01"
"C0068","03 Resp Exam","S03-Q5",2,4,"E06"
"C0068","04 Abdo Exam","S04-Q1",4,4,"E06"
"C0068","04 Abdo Exam","S04-Q2",2,4,"E08"
"C0068","04 Abdo Exam","S04-Q3",0,4,"E08"
"C0068","04 Abdo Exam","S04-Q4",4,4,"E02"
"C0068","04 Abdo Exam","S04-Q5",3,4,"E12"
"C0068","05 Neuro Exam","S05-Q1",3,4,"E11"
"C0068","05 Neuro Exam","S05-Q2",3,4,"E06"
"C0068","05 Neuro Exam","S05-Q3",4,4,"E04"
"C0068","05 Neuro Exam","S05-Q4",3,4,"E10"
"C0068","05 Neuro Exam","S05-Q5",4,4,"E04"
"C0068","06 Communication","S06-Q1",3,4,"E07"
"C0068","06 Communication","S06-Q2",3,4,"E05"
"C0068","06 Communication","S06-Q3",3,4,"E05"
"C0068","06 Communication","S06-Q4",2,4,"E04"
"C0068","06 Communication","S06-Q5",4,4,"E04"
"C0068","07 Prescribing","S07-Q1",4,4,"E03"
"C0068","07 Prescribing","S07-Q2",4,4,"E12"
"C0068","07 Prescribing","S07-Q3",0,4,"E02"
"C0068","07 Prescribing","S07-Q4",1,4,"E07"
"C0068","07 Prescribing","S07-Q5",1,4,"E11"
"C0068","08 Data Interp","S08-Q1",2,4,"E03"
"C0068","08 Data Interp","S08-Q2",1,4,"E01"
"C0068","08 Data Interp","S08-Q3",2,4,"E09"
"C0068","08 Data Interp","S08-Q4",4,4,"E07"
"C0068","08 Data Interp","S08-Q5",3,4,"E09"
"C0068","09 Practical Skills","S09-Q1",3,4,"E01"
"C0068","09 Practical Skills","S09-Q2",3,4,"E10"
"C0068","09 Practical Skills","S09-Q3",3,4,"E10"
"C0068","09 Practical Skills","S09-Q4",2,4,"E06"
"C0068","09 Practical Skills","S09-Q5",2,4,"E05"
"C0068","10 Ethics","S10-Q1",2,4,"E06"
"C0068","10 Ethics","S10-Q2",3,4,"E03"
"C0068","10 Ethics","S10-Q3",1,4,"E10"
"C0068","10 Ethics","S10-Q4",2,4,"E02"
"C0068","10 Ethics","S10-Q5",3,4,"E06"
"C0069","01 History Taking","S01-Q1",4,4,"E01"
"C0069","01 History Taking","S01-Q2",4,4,"E02"
"C0069","01 History Taking","S01-Q3",4,4,"E07"
"C0069","01 History Taking","S01-Q4",4,4,"E03"
"C0069","01 History Taking","S01-Q5",1,4,"E10"
"C0069","02 Cardio Exam","S02-Q1",4,4,"E09"
"C0069","02 Cardio Exam","S02-Q2",3,4,"E04"
"C0069","02 Cardio Exam","S02-Q3",4,4,"E01"
"C0069","02 Cardio Exam","S02-Q4",4,4,"E02"
"C0069","02 Cardio Exam","S02-Q5",3,4,"E04"
"C0069","03 Resp Exam","S03-Q1",2,4,"E01"
"C0069","03 Resp Exam","S03-Q2",2,4,"E02"
"C0069","03 Resp Exam","S03-Q3",2,4,"E03"
"C0069","03 Resp Exam","S03-Q4",3,4,"E03"
"C0069","03 Resp Exam","S03-Q5",0,4,"E11"
"C0069","04 Abdo Exam","S04-Q1",3,4,"E10"
"C0069","04 Abdo Exam","S04-Q2",4,4,"E02"
"C0069","04 Abdo Exam","S04-Q3",1,4,"E11"
"C0069","04 Abdo Exam","S04-Q4",1,4,"E02"
"C0069","04 Abdo Exam","S04-Q5",3,4,"E04"
"C0069","05 Neuro Exam","S05-Q1",2,4,"E06"
"C0069","05 Neuro Exam","S05-Q2",3,4,"E09"
"C0069","05 Neuro Exam","S05-Q3",2,4,"E07"
"C0069","05 Neuro Exam","S05-Q4",1,4,"E02"
"C0069","05 Neuro Exam","S05-Q5",4,4,"E09"
"C0069","06 Communication","S06-Q1",3,4,"E11"
"C0069","06 Communication","S06-Q2",3,4,"E04"
"C0069","06 Communication","S06-Q3",2,4,"E09"
"C0069","06 Communication","S06-Q4",3,4,"E06"
"C0069","06 Communication","S06-Q5",4,4,"E07"
"C0069","07 Prescribing","S07-Q1",4,4,"E02"
"C0069","07 Prescribing","S07-Q2",4,4,"E11"
"C0069","07 Prescribing","S07-Q3",1,4,"E03"
"C0069","07 Prescribing","S07-Q4",2,4,"E09"
"C0069","07 Prescribing","S07-Q5",2,4,"E10"
"C0069","08 Data Interp","S08-Q1",2,4,"E07"
"C0069","08 Data Interp","S08-Q2",3,4,"E04"
"C0069","08 Data Interp","S08-Q3",3,4,"E09"
"C0069","08 Data Interp","S08-Q4",3,4,"E11"
"C0069","08 Data Interp","S08-Q5",2,4,"E09"
"C0069","09 Practical Skills","S09-Q1",2,4,"E03"
"C0069","09 Practical Skills","S09-Q2",3,4,"E09"
"C0069","09 Practical Skills","S09-Q3",2,4,"E05"
"C0069","09 Practical Skills","S09-Q4",3,4,"E03"
"C0069","09 Practical Skills","S09-Q5",3,4,"E12"
"C0069","10 Ethics","S10-Q1",2,4,"E07"
"C0069","10 Ethics","S10-Q2",3,4,"E07"
"C0069","10 Ethics","S10-Q3",2,4,"E04"
"C0069","10 Ethics","S10-Q4",3,4,"E03"
"C0069","10 Ethics","S10-Q5",3,4,"E07"
"C0070","01 History Taking","S01-Q1",3,4,"E07"
"C0070","01 History Taking","S01-Q2",2,4,"E02"
"C0070","01 History Taking","S01-Q3",3,4,"E05"
"C0070","01 History Taking","S01-Q4",3,4,"E12"
"C0070","01 History Taking","S01-Q5",3,4,"E06"
"C0070","02 Cardio Exam","S02-Q1",2,4,"E04"
"C0070","02 Cardio Exam","S02-Q2",3,4,"E10"
"C0070","02 Cardio Exam","S02-Q3",2,4,"E03"
"C0070","02 Cardio Exam","S02-Q4",3,4,"E10"
"C0070","02 Cardio Exam","S02-Q5",4,4,"E08"
"C0070","03 Resp Exam","S03-Q1",2,4,"E02"
"C0070","03 Resp Exam","S03-Q2",4,4,"E09"
"C0070","03 Resp Exam","S03-Q3",2,4,"E12"
"C0070","03 Resp Exam","S03-Q4",1,4,"E12"
"C0070","03 Resp Exam","S03-Q5",2,4,"E06"
"C0070","04 Abdo Exam","S04-Q1",4,4,"E07"
"C0070","04 Abdo Exam","S04-Q2",3,4,"E05"
"C0070","04 Abdo Exam","S04-Q3",2,4,"E01"
"C0070","04 Abdo Exam","S04-Q4",2,4,"E07"
"C0070","04 Abdo Exam","S04-Q5",3,4,"E06"
"C0070","05 Neuro Exam","S05-Q1",2,4,"E02"
"C0070","05 Neuro Exam","S05-Q2",4,4,"E08"
"C0070","05 Neuro Exam","S05-Q3",4,4,"E10"
"C0070","05 Neuro Exam","S05-Q4",1,4,"E06"
"C0070","05 Neuro Exam","S05-Q5",3,4,"E11"
"C0070","06 Communication","S06-Q1",0,4,"E01"
"C0070","06 Communication","S06-Q2",4,4,"E05"
"C0070","06 Communication","S06-Q3",3,4,"E10"
"C0070","06 Communication","S06-Q4",0,4,"E06"
"C0070","06 Communication","S06-Q5",4,4,"E11"
"C0070","07 Prescribing","S07-Q1",4,4,"E02"
"C0070","07 Prescribing","S07-Q2",3,4,"E04"
"C0070","07 Prescribing","S07-Q3",3,4,"E12"
"C0070","07 Prescribing","S07-Q4",3,4,"E01"
"C0070","07 Prescribing","S07-Q5",4,4,"E12"
"C0070","08 Data Interp","S08-Q1",2,4,"E02"
"C0070","08 Data Interp","S08-Q2",2,4,"E03"
"C0070","08 Data Interp","S08-Q3",1,4,"E06"
"C0070","08 Data Interp","S08-Q4",4,4,"E06"
"C0070","08 Data Interp","S08-Q5",1,4,"E01"
"C0070","09 Practical Skills","S09-Q1",4,4,"E10"
"C0070","09 Practical Skills","S09-Q2",3,4,"E11"
"C0070","09 Practical Skills","S09-Q3",3,4,"E01"
"C0070","09 Practical Skills","S09-Q4",4,4,"E12"
"C0070","09 Practical Skills","S09-Q5",1,4,"E02"
"C0070","10 Ethics","S10-Q1",1,4,"E09"
"C0070","10 Ethics","S10-Q2",3,4,"E11"
"C0070","10 Ethics","S10-Q3",3,4,"E02"
"C0070","10 Ethics","S10-Q4",3,4,"E06"
"C0070","10 Ethics","S10-Q5",1,4,"E03"
"C0071","01 History Taking","S01-Q1",1,4,"E03"
"C0071","01 History Taking","S01-Q2",3,4,"E07"
"C0071","01 History Taking","S01-Q3",1,4,"E02"
"C0071","01 History Taking","S01-Q4",2,4,"E05"
"C0071","01 History Taking","S01-Q5",1,4,"E02"
"C0071","02 Cardio Exam","S02-Q1",1,4,"E03"
"C0071","02 Cardio Exam","S02-Q2",3,4,"E05"
"C0071","02 Cardio Exam","S02-Q3",1,4,"E06"
"C0071","02 Cardio Exam","S02-Q4",2,4,"E03"
"C0071","02 Cardio Exam","S02-Q5",2,4,"E09"
"C0071","03 Resp Exam","S03-Q1",2,4,"E04"
"C0071","03 Resp Exam","S03-Q2",0,4,"E02"
"C0071","03 Resp Exam","S03-Q3",1,4,"E04"
"C0071","03 Resp Exam","S03-Q4",1,4,"E09"
"C0071","03 Resp Exam","S03-Q5",1,4,"E12"
"C0071","04 Abdo Exam","S04-Q1",2,4,"E12"
"C0071","04 Abdo Exam","S04-Q2",1,4,"E01"
"C0071","04 Abdo Exam","S04-Q3",1,4,"E12"
"C0071","04 Abdo Exam","S04-Q4",1,4,"E06"
"C0071","04 Abdo Exam","S04-Q5",0,4,"E03"
"C0071","05 Neuro Exam","S05-Q1",1,4,"E07"
"C0071","05 Neuro Exam","S05-Q2",2,4,"E06"
"C0071","05 Neuro Exam","S05-Q3",0,4,"E07"
"C0071","05 Neuro Exam","S05-Q4",0,4,"E07"
"C0071","05 Neuro Exam","S05-Q5",2,4,"E01"
"C0071","06 Communication","S06-Q1",0,4,"E05"
"C0071","06 Communication","S06-Q2",0,4,"E08"
"C0071","06 Communication","S06-Q3",3,4,"E02"
"C0071","06 Communication","S06-Q4",1,4,"E07"
"C0071","06 Communication","S06-Q5",2,4,"E09"
"C0071","07 Prescribing","S07-Q1",2,4,"E07"
"C0071","07 Prescribing","S07-Q2",3,4,"E04"
"C0071","07 Prescribing","S07-Q3",0,4,"E01"
"C0071","07 Prescribing","S07-Q4",1,4,"E04"
"C0071","07 Prescribing","S07-Q5",2,4,"E03"
"C0071","08 Data Interp","S08-Q1",1,4,"E05"
"C0071","08 Data Interp","S08-Q2",1,4,"E05"
"C0071","08 Data Interp","S08-Q3",2,4,"E12"
"C0071","08 Data Interp","S08-Q4",2,4,"E03"
"C0071","08 Data Interp","S08-Q5",1,4,"E10"
"C0071","09 Practical Skills","S09-Q1",0,4,"E04"
"C0071","09 Practical Skills","S09-Q2",3,4,"E02"
"C0071","09 Practical Skills","S09-Q3",0,4,"E04"
"C0071","09 Practical Skills","S09-Q4",1,4,"E01"
"C0071","09 Practical Skills","S09-Q5",1,4,"E12"
"C0071","10 Ethics","S10-Q1",0,4,"E09"
"C0071","10 Ethics","S10-Q2",4,4,"E02"
"C0071","10 Ethics","S10-Q3",2,4,"E09"
"C0071","10 Ethics","S10-Q4",0,4,"E04"
"C0071","10 Ethics","S10-Q5",0,4,"E10"
"C0072","01 History Taking","S01-Q1",3,4,"E07"
"C0072","01 History Taking","S01-Q2",2,4,"E11"
"C0072","01 History Taking","S01-Q3",2,4,"E02"
"C0072","01 History Taking","S01-Q4",3,4,"E09"
"C0072","01 History Taking","S01-Q5",3,4,"E02"
"C0072","02 Cardio Exam","S02-Q1",1,4,"E06"
"C0072","02 Cardio Exam","S02-Q2",2,4,"E12"
"C0072","02 Cardio Exam","S02-Q3",2,4,"E09"
"C0072","02 Cardio Exam","S02-Q4",1,4,"E10"
"C0072","02 Cardio Exam","S02-Q5",2,4,"E10"
"C0072","03 Resp Exam","S03-Q1",0,4,"E11"
"C0072","03 Resp Exam","S03-Q2",3,4,"E08"
"C0072","03 Resp Exam","S03-Q3",2,4,"E01"
"C0072","03 Resp Exam","S03-Q4",1,4,"E08"
"C0072","03 Resp Exam","S03-Q5",1,4,"E04"
"C0072","04 Abdo Exam","S04-Q1",3,4,"E02"
"C0072","04 Abdo Exam","S04-Q2",3,4,"E11"
"C0072","04 Abdo Exam","S04-Q3",0,4,"E05"
"C0072","04 Abdo Exam","S04-Q4",3,4,"E12"
"C0072","04 Abdo Exam","S04-Q5",0,4,"E03"
"C0072","05 Neuro Exam","S05-Q1",3,4,"E06"
"C0072","05 Neuro Exam","S05-Q2",2,4,"E08"
"C0072","05 Neuro Exam","S05-Q3",1,4,"E03"
"C0072","05 Neuro Exam","S05-Q4",3,4,"E09"
"C0072","05 Neuro Exam","S05-Q5",2,4,"E05"
"C0072","06 Communication","S06-Q1",1,4,"E05"
"C0072","06 Communication","S06-Q2",2,4,"E09"
"C0072","06 Communication","S06-Q3",1,4,"E09"
"C0072","06 Communication","S06-Q4",2,4,"E08"
"C0072","06 Communication","S06-Q5",2,4,"E08"
"C0072","07 Prescribing","S07-Q1",3,4,"E03"
"C0072","07 Prescribing","S07-Q2",0,4,"E11"
"C0072","07 Prescribing","S07-Q3",0,4,"E06"
"C0072","07 Prescribing","S07-Q4",1,4,"E06"
"C0072","07 Prescribing","S07-Q5",3,4,"E07"
"C0072","08 Data Interp","S08-Q1",4,4,"E10"
"C0072","08 Data Interp","S08-Q2",3,4,"E12"
"C0072","08 Data Interp","S08-Q3",1,4,"E04"
"C0072","08 Data Interp","S08-Q4",3,4,"E08"
"C0072","08 Data Interp","S08-Q5",2,4,"E07"
"C0072","09 Practical Skills","S09-Q1",1,4,"E06"
"C0072","09 Practical Skills","S09-Q2",2,4,"E10"
"C0072","09 Practical Skills","S09-Q3",2,4,"E10"
"C0072","09 Practical Skills","S09-Q4",3,4,"E02"
"C0072","09 Practical Skills","S09-Q5",2,4,"E09"
"C0072","10 Ethics","S10-Q1",1,4,"E09"
"C0072","10 Ethics","S10-Q2",4,4,"E11"
"C0072","10 Ethics","S10-Q3",2,4,"E11"
"C0072","10 Ethics","S10-Q4",3,4,"E09"
"C0072","10 Ethics","S10-Q5",1,4,"E06"
"C0073","01 History Taking","S01-Q1",4,4,"E12"
"C0073","01 History Taking","S01-Q2",4,4,"E09"
"C0073","01 History Taking","S01-Q3",2,4,"E06"
"C0073","01 History Taking","S01-Q4",3,4,"E03"
"C0073","01 History Taking","S01-Q5",1,4,"E07"
"C0073","02 Cardio Exam","S02-Q1",4,4,"E07"
"C0073","02 Cardio Exam","S02-Q2",3,4,"E11"
"C0073","02 Cardio Exam","S02-Q3",3,4,"E04"
"C0073","02 Cardio Exam","S02-Q4",4,4,"E10"
"C0073","02 Cardio Exam","S02-Q5",1,4,"E01"
"C0073","03 Resp Exam","S03-Q1",0,4,"E01"
"C0073","03 Resp Exam","S03-Q2",2,4,"E01"
"C0073","03 Resp Exam","S03-Q3",1,4,"E12"
"C0073","03 Resp Exam","S03-Q4",3,4,"E10"
"C0073","03 Resp Exam","S03-Q5",2,4,"E05"
"C0073","04 Abdo Exam","S04-Q1",2,4,"E04"
"C0073","04 Abdo Exam","S04-Q2",3,4,"E04"
"C0073","04 Abdo Exam","S04-Q3",2,4,"E01"
"C0073","04 Abdo Exam","S04-Q4",3,4,"E06"
"C0073","04 Abdo Exam","S04-Q5",1,4,"E05"
"C0073","05 Neuro Exam","S05-Q1",4,4,"E07"
"C0073","05 Neuro Exam","S05-Q2",3,4,"E12"
"C0073","05 Neuro Exam","S05-Q3",1,4,"E05"
"C0073","05 Neuro Exam","S05-Q4",3,4,"E11"
"C0073","05 Neuro Exam","S05-Q5",3,4,"E10"
"C0073","06 Communication","S06-Q1",0,4,"E12"
"C0073","06 Communication","S06-Q2",2,4,"E12"
"C0073","06 Communication","S06-Q3",2,4,"E07"
"C0073","06 Communication","S06-Q4",2,4,"E01"
"C0073","06 Communication","S06-Q5",1,4,"E11"
"C0073","07 Prescribing","S07-Q1",3,4,"E12"
"C0073","07 Prescribing","S07-Q2",3,4,"E07"
"C0073","07 Prescribing","S07-Q3",0,4,"E03"
"C0073","07 Prescribing","S07-Q4",2,4,"E06"
"C0073","07 Prescribing","S07-Q5",3,4,"E01"
"C0073","08 Data Interp","S08-Q1",4,4,"E09"
"C0073","08 Data Interp","S08-Q2",2,4,"E10"
"C0073","08 Data Interp","S08-Q3",2,4,"E06"
"C0073","08 Data Interp","S08-Q4",3,4,"E11"
"C0073","08 Data Interp","S08-Q5",3,4,"E06"
"C0073","09 Practical Skills","S09-Q1",3,4,"E11"
"C0073","09 Practical Skills","S09-Q2",3,4,"E01"
"C0073","09 Practical Skills","S09-Q3",2,4,"E01"
"C0073","09 Practical Skills","S09-Q4",3,4,"E05"
"C0073","09 Practical Skills","S09-Q5",1,4,"E03"
"C0073","10 Ethics","S10-Q1",0,4,"E01"
"C0073","10 Ethics","S10-Q2",4,4,"E01"
"C0073","10 Ethics","S10-Q3",3,4,"E04"
"C0073","10 Ethics","S10-Q4",1,4,"E01"
"C0073","10 Ethics","S10-Q5",3,4,"E10"
"C0074","01 History Taking","S01-Q1",3,4,"E12"
"C0074","01 History Taking","S01-Q2",1,4,"E01"
"C0074","01 History Taking","S01-Q3",0,4,"E09"
"C0074","01 History Taking","S01-Q4",1,4,"E05"
"C0074","01 History Taking","S01-Q5",0,4,"E05"
"C0074","02 Cardio Exam","S02-Q1",0,4,"E12"
"C0074","02 Cardio Exam","S02-Q2",1,4,"E09"
"C0074","02 Cardio Exam","S02-Q3",2,4,"E10"
"C0074","02 Cardio Exam","S02-Q4",1,4,"E10"
"C0074","02 Cardio Exam","S02-Q5",0,4,"E07"
"C0074","03 Resp Exam","S03-Q1",1,4,"E06"
"C0074","03 Resp Exam","S03-Q2",1,4,"E01"
"C0074","03 Resp Exam","S03-Q3",1,4,"E02"
"C0074","03 Resp Exam","S03-Q4",2,4,"E10"
"C0074","03 Resp Exam","S03-Q5",0,4,"E02"
"C0074","04 Abdo Exam","S04-Q1",1,4,"E02"
"C0074","04 Abdo Exam","S04-Q2",1,4,"E10"
"C0074","04 Abdo Exam","S04-Q3",0,4,"E05"
"C0074","04 Abdo Exam","S04-Q4",0,4,"E01"
"C0074","04 Abdo Exam","S04-Q5",2,4,"E08"
"C0074","05 Neuro Exam","S05-Q1",2,4,"E02"
"C0074","05 Neuro Exam","S05-Q2",3,4,"E07"
"C0074","05 Neuro Exam","S05-Q3",0,4,"E05"
"C0074","05 Neuro Exam","S05-Q4",2,4,"E07"
"C0074","05 Neuro Exam","S05-Q5",2,4,"E09"
"C0074","06 Communication","S06-Q1",0,4,"E12"
"C0074","06 Communication","S06-Q2",0,4,"E06"
"C0074","06 Communication","S06-Q3",1,4,"E03"
"C0074","06 Communication","S06-Q4",1,4,"E06"
"C0074","06 Communication","S06-Q5",0,4,"E05"
"C0074","07 Prescribing","S07-Q1",1,4,"E09"
"C0074","07 Prescribing","S07-Q2",2,4,"E02"
"C0074","07 Prescribing","S07-Q3",0,4,"E01"
"C0074","07 Prescribing","S07-Q4",1,4,"E11"
"C0074","07 Prescribing","S07-Q5",2,4,"E04"
"C0074","08 Data Interp","S08-Q1",2,4,"E10"
"C0074","08 Data Interp","S08-Q2",1,4,"E12"
"C0074","08 Data Interp","S08-Q3",1,4,"E03"
"C0074","08 Data Interp","S08-Q4",1,4,"E12"
"C0074","08 Data Interp","S08-Q5",2,4,"E09"
"C0074","09 Practical Skills","S09-Q1",2,4,"E03"
"C0074","09 Practical Skills","S09-Q2",1,4,"E03"
"C0074","09 Practical Skills","S09-Q3",0,4,"E04"
"C0074","09 Practical Skills","S09-Q4",3,4,"E07"
"C0074","09 Practical Skills","S09-Q5",1,4,"E01"
"C0074","10 Ethics","S10-Q1",1,4,"E05"
"C0074","10 Ethics","S10-Q2",3,4,"E01"
"C0074","10 Ethics","S10-Q3",0,4,"E05"
"C0074","10 Ethics","S10-Q4",0,4,"E12"
"C0074","10 Ethics","S10-Q5",1,4,"E08"
"C0075","01 History Taking","S01-Q1",1,4,"E06"
"C0075","01 History Taking","S01-Q2",3,4,"E12"
"C0075","01 History Taking","S01-Q3",3,4,"E04"
"C0075","01 History Taking","S01-Q4",1,4,"E02"
"C0075","01 History Taking","S01-Q5",2,4,"E03"
"C0075","02 Cardio Exam","S02-Q1",2,4,"E02"
"C0075","02 Cardio Exam","S02-Q2",2,4,"E05"
"C0075","02 Cardio Exam","S02-Q3",3,4,"E07"
"C0075","02 Cardio Exam","S02-Q4",3,4,"E01"
"C0075","02 Cardio Exam","S02-Q5",1,4,"E02"
"C0075","03 Resp Exam","S03-Q1",4,4,"E05"
"C0075","03 Resp Exam","S03-Q2",2,4,"E08"
"C0075","03 Resp Exam","S03-Q3",2,4,"E12"
"C0075","03 Resp Exam","S03-Q4",0,4,"E07"
"C0075","03 Resp Exam","S03-Q5",1,4,"E12"
"C0075","04 Abdo Exam","S04-Q1",2,4,"E07"
"C0075","04 Abdo Exam","S04-Q2",1,4,"E05"
"C0075","04 Abdo Exam","S04-Q3",1,4,"E03"
"C0075","04 Abdo Exam","S04-Q4",3,4,"E08"
"C0075","04 Abdo Exam","S04-Q5",3,4,"E01"
"C0075","05 Neuro Exam","S05-Q1",3,4,"E12"
"C0075","05 Neuro Exam","S05-Q2",2,4,"E08"
"C0075","05 Neuro Exam","S05-Q3",1,4,"E01"
"C0075","05 Neuro Exam","S05-Q4",1,4,"E07"
"C0075","05 Neuro Exam","S05-Q5",0,4,"E01"
"C0075","06 Communication","S06-Q1",1,4,"E02"
"C0075","06 Communication","S06-Q2",3,4,"E08"
"C0075","06 Communication","S06-Q3",1,4,"E01"
"C0075","06 Communication","S06-Q4",3,4,"E04"
"C0075","06 Communication","S06-Q5",1,4,"E01"
"C0075","07 Prescribing","S07-Q1",1,4,"E03"
"C0075","07 Prescribing","S07-Q2",2,4,"E08"
"C0075","07 Prescribing","S07-Q3",1,4,"E04"
"C0075","07 Prescribing","S07-Q4",2,4,"E01"
"C0075","07 Prescribing","S07-Q5",2,4,"E04"
"C0075","08 Data Interp","S08-Q1",3,4,"E07"
"C0075","08 Data Interp","S08-Q2",3,4,"E01"
"C0075","08 Data Interp","S08-Q3",2,4,"E07"
"C0075","08 Data Interp","S08-Q4",2,4,"E07"
"C0075","08 Data Interp","S08-Q5",2,4,"E03"
"C0075","09 Practical Skills","S09-Q1",3,4,"E02"
"C0075","09 Practical Skills","S09-Q2",3,4,"E04"
"C0075","09 Practical Skills","S09-Q3",0,4,"E11"
"C0075","09 Practical Skills","S09-Q4",0,4,"E08"
"C0075","09 Practical Skills","S09-Q5",1,4,"E08"
"C0075","10 Ethics","S10-Q1",1,4,"E07"
"C0075","10 Ethics","S10-Q2",2,4,"E12"
"C0075","10 Ethics","S10-Q3",1,4,"E03"
"C0075","10 Ethics","S10-Q4",0,4,"E06"
"C0075","10 Ethics","S10-Q5",2,4,"E08"
"C0076","01 History Taking","S01-Q1",3,4,"E02"
"C0076","01 History Taking","S01-Q2",1,4,"E05"
"C0076","01 History Taking","S01-Q3",3,4,"E01"
"C0076","01 History Taking","S01-Q4",1,4,"E01"
"C0076","01 History Taking","S01-Q5",3,4,"E02"
"C0076","02 Cardio Exam","S02-Q1",3,4,"E05"
"C0076","02 Cardio Exam","S02-Q2",4,4,"E08"
"C0076","02 Cardio Exam","S02-Q3",3,4,"E02"
"C0076","02 Cardio Exam","S02-Q4",2,4,"E10"
"C0076","02 Cardio Exam","S02-Q5",2,4,"E01"
"C0076","03 Resp Exam","S03-Q1",1,4,"E09"
"C0076","03 Resp Exam","S03-Q2",2,4,"E09"
"C0076","03 Resp Exam","S03-Q3",3,4,"E02"
"C0076","03 Resp Exam","S03-Q4",4,4,"E11"
"C0076","03 Resp Exam","S03-Q5",1,4,"E11"
"C0076","04 Abdo Exam","S04-Q1",4,4,"E03"
"C0076","04 Abdo Exam","S04-Q2",2,4,"E12"
"C0076","04 Abdo Exam","S04-Q3",2,4,"E06"
"C0076","04 Abdo Exam","S04-Q4",3,4,"E10"
"C0076","04 Abdo Exam","S04-Q5",3,4,"E04"
"C0076","05 Neuro Exam","S05-Q1",4,4,"E02"
"C0076","05 Neuro Exam","S05-Q2",4,4,"E04"
"C0076","05 Neuro Exam","S05-Q3",2,4,"E11"
"C0076","05 Neuro Exam","S05-Q4",2,4,"E04"
"C0076","05 Neuro Exam","S05-Q5",3,4,"E01"
"C0076","06 Communication","S06-Q1",2,4,"E04"
"C0076","06 Communication","S06-Q2",3,4,"E04"
"C0076","06 Communication","S06-Q3",4,4,"E09"
"C0076","06 Communication","S06-Q4",4,4,"E12"
"C0076","06 Communication","S06-Q5",2,4,"E06"
"C0076","07 Prescribing","S07-Q1",3,4,"E03"
"C0076","07 Prescribing","S07-Q2",3,4,"E09"
"C0076","07 Prescribing","S07-Q3",1,4,"E08"
"C0076","07 Prescribing","S07-Q4",1,4,"E12"
"C0076","07 Prescribing","S07-Q5",4,4,"E09"
"C0076","08 Data Interp","S08-Q1",2,4,"E07"
"C0076","08 Data Interp","S08-Q2",1,4,"E07"
"C0076","08 Data Interp","S08-Q3",4,4,"E07"
"C0076","08 Data Interp","S08-Q4",3,4,"E01"
"C0076","08 Data Interp","S08-Q5",1,4,"E12"
"C0076","09 Practical Skills","S09-Q1",4,4,"E04"
"C0076","09 Practical Skills","S09-Q2",4,4,"E04"
"C0076","09 Practical Skills","S09-Q3",3,4,"E03"
"C0076","09 Practical Skills","S09-Q4",4,4,"E06"
"C0076","09 Practical Skills","S09-Q5",3,4,"E01"
"C0076","10 Ethics","S10-Q1",2,4,"E11"
"C0076","10 Ethics","S10-Q2",2,4,"E12"
"C0076","10 Ethics","S10-Q3",2,4,"E06"
"C0076","10 Ethics","S10-Q4",3,4,"E10"
"C0076","10 Ethics","S10-Q5",1,4,"E02"
"C0077","01 History Taking","S01-Q1",4,4,"E06"
"C0077","01 History Taking","S01-Q2",2,4,"E02"
"C0077","01 History Taking","S01-Q3",2,4,"E01"
"C0077","01 History Taking","S01-Q4",4,4,"E02"
"C0077","01 History Taking","S01-Q5",3,4,"E05"
"C0077","02 Cardio Exam","S02-Q1",4,4,"E08"
"C0077","02 Cardio Exam","S02-Q2",3,4,"E05"
"C0077","02 Cardio Exam","S02-Q3",3,4,"E03"
"C0077","02 Cardio Exam","S02-Q4",4,4,"E01"
"C0077","02 Cardio Exam","S02-Q5",4,4,"E06"
"C0077","03 Resp Exam","S03-Q1",2,4,"E05"
"C0077","03 Resp Exam","S03-Q2",3,4,"E11"
"C0077","03 Resp Exam","S03-Q3",4,4,"E04"
"C0077","03 Resp Exam","S03-Q4",1,4,"E05"
"C0077","03 Resp Exam","S03-Q5",2,4,"E08"
"C0077","04 Abdo Exam","S04-Q1",1,4,"E02"
"C0077","04 Abdo Exam","S04-Q2",4,4,"E08"
"C0077","04 Abdo Exam","S04-Q3",2,4,"E05"
"C0077","04 Abdo Exam","S04-Q4",2,4,"E02"
"C0077","04 Abdo Exam","S04-Q5",3,4,"E07"
"C0077","05 Neuro Exam","S05-Q1",3,4,"E11"
"C0077","05 Neuro Exam","S05-Q2",4,4,"E09"
"C0077","05 Neuro Exam","S05-Q3",2,4,"E05"
"C0077","05 Neuro Exam","S05-Q4",2,4,"E02"
"C0077","05 Neuro Exam","S05-Q5",3,4,"E06"
"C0077","06 Communication","S06-Q1",1,4,"E04"
"C0077","06 Communication","S06-Q2",3,4,"E10"
"C0077","06 Communication","S06-Q3",4,4,"E09"
"C0077","06 Communication","S06-Q4",4,4,"E11"
"C0077","06 Communication","S06-Q5",3,4,"E12"
"C0077","07 Prescribing","S07-Q1",4,4,"E11"
"C0077","07 Prescribing","S07-Q2",2,4,"E11"
"C0077","07 Prescribing","S07-Q3",0,4,"E04"
"C0077","07 Prescribing","S07-Q4",4,4,"E03"
"C0077","07 Prescribing","S07-Q5",4,4,"E03"
"C0077","08 Data Interp","S08-Q1",3,4,"E05"
"C0077","08 Data Interp","S08-Q2",3,4,"E04"
"C0077","08 Data Interp","S08-Q3",4,4,"E08"
"C0077","08 Data Interp","S08-Q4",3,4,"E03"
"C0077","08 Data Interp","S08-Q5",3,4,"E09"
"C0077","09 Practical Skills","S09-Q1",2,4,"E04"
"C0077","09 Practical Skills","S09-Q2",3,4,"E08"
"C0077","09 Practical Skills","S09-Q3",4,4,"E04"
"C0077","09 Practical Skills","S09-Q4",2,4,"E01"
"C0077","09 Practical Skills","S09-Q5",2,4,"E11"
"C0077","10 Ethics","S10-Q1",0,4,"E03"
"C0077","10 Ethics","S10-Q2",4,4,"E04"
"C0077","10 Ethics","S10-Q3",4,4,"E08"
"C0077","10 Ethics","S10-Q4",4,4,"E02"
"C0077","10 Ethics","S10-Q5",2,4,"E02"
"C0078","01 History Taking","S01-Q1",2,4,"E04"
"C0078","01 History Taking","S01-Q2",3,4,"E03"
"C0078","01 History Taking","S01-Q3",3,4,"E09"
"C0078","01 History Taking","S01-Q4",3,4,"E11"
"C0078","01 History Taking","S01-Q5",2,4,"E04"
"C0078","02 Cardio Exam","S02-Q1",2,4,"E08"
"C0078","02 Cardio Exam","S02-Q2",4,4,"E12"
"C0078","02 Cardio Exam","S02-Q3",4,4,"E11"
"C0078","02 Cardio Exam","S02-Q4",4,4,"E12"
"C0078","02 Cardio Exam","S02-Q5",2,4,"E05"
"C0078","03 Resp Exam","S03-Q1",0,4,"E06"
"C0078","03 Resp Exam","S03-Q2",2,4,"E04"
"C0078","03 Resp Exam","S03-Q3",4,4,"E09"
"C0078","03 Resp Exam","S03-Q4",1,4,"E09"
"C0078","03 Resp Exam","S03-Q5",1,4,"E03"
"C0078","04 Abdo Exam","S04-Q1",4,4,"E08"
"C0078","04 Abdo Exam","S04-Q2",2,4,"E11"
"C0078","04 Abdo Exam","S04-Q3",1,4,"E05"
"C0078","04 Abdo Exam","S04-Q4",2,4,"E03"
"C0078","04 Abdo Exam","S04-Q5",3,4,"E03"
"C0078","05 Neuro Exam","S05-Q1",2,4,"E12"
"C0078","05 Neuro Exam","S05-Q2",4,4,"E11"
"C0078","05 Neuro Exam","S05-Q3",4,4,"E09"
"C0078","05 Neuro Exam","S05-Q4",1,4,"E06"
"C0078","05 Neuro Exam","S05-Q5",3,4,"E12"
"C0078","06 Communication","S06-Q1",0,4,"E10"
"C0078","06 Communication","S06-Q2",3,4,"E12"
"C0078","06 Communication","S06-Q3",2,4,"E06"
"C0078","06 Communication","S06-Q4",3,4,"E08"
"C0078","06 Communication","S06-Q5",0,4,"E12"
"C0078","07 Prescribing","S07-Q1",0,4,"E06"
"C0078","07 Prescribing","S07-Q2",4,4,"E08"
"C0078","07 Prescribing","S07-Q3",0,4,"E12"
"C0078","07 Prescribing","S07-Q4",4,4,"E11"
"C0078","07 Prescribing","S07-Q5",2,4,"E06"
"C0078","08 Data Interp","S08-Q1",1,4,"E01"
"C0078","08 Data Interp","S08-Q2",4,4,"E03"
"C0078","08 Data Interp","S08-Q3",3,4,"E04"
"C0078","08 Data Interp","S08-Q4",3,4,"E06"
"C0078","08 Data Interp","S08-Q5",1,4,"E04"
"C0078","09 Practical Skills","S09-Q1",2,4,"E11"
"C0078","09 Practical Skills","S09-Q2",2,4,"E04"
"C0078","09 Practical Skills","S09-Q3",3,4,"E12"
"C0078","09 Practical Skills","S09-Q4",4,4,"E04"
"C0078","09 Practical Skills","S09-Q5",0,4,"E04"
"C0078","10 Ethics","S10-Q1",2,4,"E03"
"C0078","10 Ethics","S10-Q2",4,4,"E07"
"C0078","10 Ethics","S10-Q3",3,4,"E09"
"C0078","10 Ethics","S10-Q4",4,4,"E06"
"C0078","10 Ethics","S10-Q5",2,4,"E06"
"C0079","01 History Taking","S01-Q1",1,4,"E01"
"C0079","01 History Taking","S01-Q2",2,4,"E01"
"C0079","01 History Taking","S01-Q3",2,4,"E12"
"C0079","01 History Taking","S01-Q4",0,4,"E06"
"C0079","01 History Taking","S01-Q5",2,4,"E07"
"C0079","02 Cardio Exam","S02-Q1",0,4,"E05"
"C0079","02 Cardio Exam","S02-Q2",0,4,"E03"
"C0079","02 Cardio Exam","S02-Q3",3,4,"E02"
"C0079","02 Cardio Exam","S02-Q4",2,4,"E12"
"C0079","02 Cardio Exam","S02-Q5",1,4,"E02"
"C0079","03 Resp Exam","S03-Q1",1,4,"E10"
"C0079","03 Resp Exam","S03-Q2",1,4,"E05"
"C0079","03 Resp Exam","S03-Q3",1,4,"E06"
"C0079","03 Resp Exam","S03-Q4",2,4,"E02"
"C0079","03 Resp Exam","S03-Q5",0,4,"E10"
"C0079","04 Abdo Exam","S04-Q1",1,4,"E05"
"C0079","04 Abdo Exam","S04-Q2",3,4,"E07"
"C0079","04 Abdo Exam","S04-Q3",2,4,"E06"
"C0079","04 Abdo Exam","S04-Q4",1,4,"E11"
"C0079","04 Abdo Exam","S04-Q5",0,4,"E04"
"C0079","05 Neuro Exam","S05-Q1",1,4,"E07"
"C0079","05 Neuro Exam","S05-Q2",1,4,"E01"
"C0079","05 Neuro Exam","S05-Q3",0,4,"E04"
"C0079","05 Neuro Exam","S05-Q4",2,4,"E10"
"C0079","05 Neuro Exam","S05-Q5",1,4,"E09"
"C0079","06 Communication","S06-Q1",2,4,"E06"
"C0079","06 Communication","S06-Q2",1,4,"E11"
"C0079","06 Communication","S06-Q3",0,4,"E08"
"C0079","06 Communication","S06-Q4",1,4,"E12"
"C0079","06 Communication","S06-Q5",4,4,"E03"
"C0079","07 Prescribing","S07-Q1",0,4,"E09"
"C0079","07 Prescribing","S07-Q2",4,4,"E12"
"C0079","07 Prescribing","S07-Q3",0,4,"E07"
"C0079","07 Prescribing","S07-Q4",1,4,"E12"
"C0079","07 Prescribing","S07-Q5",0,4,"E09"
"C0079","08 Data Interp","S08-Q1",2,4,"E01"
"C0079","08 Data Interp","S08-Q2",1,4,"E09"
"C0079","08 Data Interp","S08-Q3",1,4,"E10"
"C0079","08 Data Interp","S08-Q4",2,4,"E03"
"C0079","08 Data Interp","S08-Q5",1,4,"E07"
"C0079","09 Practical Skills","S09-Q1",2,4,"E08"
"C0079","09 Practical Skills","S09-Q2",1,4,"E06"
"C0079","09 Practical Skills","S09-Q3",1,4,"E02"
"C0079","09 Practical Skills","S09-Q4",1,4,"E01"
"C0079","09 Practical Skills","S09-Q5",2,4,"E01"
"C0079","10 Ethics","S10-Q1",0,4,"E12"
"C0079","10 Ethics","S10-Q2",2,4,"E01"
"C0079","10 Ethics","S10-Q3",2,4,"E02"
"C0079","10 Ethics","S10-Q4",2,4,"E01"
"C0079","10 Ethics","S10-Q5",1,4,"E03"
"C0080","01 History Taking","S01-Q1",1,4,"E11"
"C0080","01 History Taking","S01-Q2",4,4,"E12"
"C0080","01 History Taking","S01-Q3",2,4,"E09"
"C0080","01 History Taking","S01-Q4",1,4,"E10"
"C0080","01 History Taking","S01-Q5",0,4,"E12"
"C0080","02 Cardio Exam","S02-Q1",1,4,"E10"
"C0080","02 Cardio Exam","S02-Q2",2,4,"E01"
"C0080","02 Cardio Exam","S02-Q3",1,4,"E07"
"C0080","02 Cardio Exam","S02-Q4",3,4,"E06"
"C0080","02 Cardio Exam","S02-Q5",1,4,"E12"
"C0080","03 Resp Exam","S03-Q1",1,4,"E02"
"C0080","03 Resp Exam","S03-Q2",2,4,"E07"
"C0080","03 Resp Exam","S03-Q3",1,4,"E03"
"C0080","03 Resp Exam","S03-Q4",0,4,"E05"
"C0080","03 Resp Exam","S03-Q5",1,4,"E04"
"C0080","04 Abdo Exam","S04-Q1",0,4,"E11"
"C0080","04 Abdo Exam","S04-Q2",0,4,"E06"
"C0080","04 Abdo Exam","S04-Q3",0,4,"E09"
"C0080","04 Abdo Exam","S04-Q4",1,4,"E03"
"C0080","04 Abdo Exam","S04-Q5",0,4,"E09"
"C0080","05 Neuro Exam","S05-Q1",1,4,"E06"
"C0080","05 Neuro Exam","S05-Q2",2,4,"E10"
"C0080","05 Neuro Exam","S05-Q3",0,4,"E01"
"C0080","05 Neuro Exam","S05-Q4",1,4,"E02"
"C0080","05 Neuro Exam","S05-Q5",0,4,"E08"
"C0080","06 Communication","S06-Q1",1,4,"E06"
"C0080","06 Communication","S06-Q2",2,4,"E06"
"C0080","06 Communication","S06-Q3",1,4,"E06"
"C0080","06 Communication","S06-Q4",3,4,"E02"
"C0080","06 Communication","S06-Q5",0,4,"E11"
"C0080","07 Prescribing","S07-Q1",1,4,"E11"
"C0080","07 Prescribing","S07-Q2",3,4,"E07"
"C0080","07 Prescribing","S07-Q3",2,4,"E06"
"C0080","07 Prescribing","S07-Q4",3,4,"E05"
"C0080","07 Prescribing","S07-Q5",3,4,"E02"
"C0080","08 Data Interp","S08-Q1",1,4,"E01"
"C0080","08 Data Interp","S08-Q2",3,4,"E04"
"C0080","08 Data Interp","S08-Q3",1,4,"E12"
"C0080","08 Data Interp","S08-Q4",1,4,"E11"
"C0080","08 Data Interp","S08-Q5",3,4,"E03"
"C0080","09 Practical Skills","S09-Q1",1,4,"E10"
"C0080","09 Practical Skills","S09-Q2",1,4,"E04"
"C0080","09 Practical Skills","S09-Q3",0,4,"E07"
"C0080","09 Practical Skills","S09-Q4",3,4,"E10"
"C0080","09 Practical Skills","S09-Q5",0,4,"E01"
"C0080","10 Ethics","S10-Q1",1,4,"E08"
"C0080","10 Ethics","S10-Q2",2,4,"E08"
"C0080","10 Ethics","S10-Q3",1,4,"E08"
"C0080","10 Ethics","S10-Q4",1,4,"E09"
"C0080","10 Ethics","S10-Q5",2,4,"E03"
"C0081","01 History Taking","S01-Q1",2,4,"E04"
"C0081","01 History Taking","S01-Q2",4,4,"E09"
"C0081","01 History Taking","S01-Q3",2,4,"E08"
"C0081","01 History Taking","S01-Q4",1,4,"E09"
"C0081","01 History Taking","S01-Q5",4,4,"E08"
"C0081","02 Cardio Exam","S02-Q1",4,4,"E02"
"C0081","02 Cardio Exam","S02-Q2",4,4,"E01"
"C0081","02 Cardio Exam","S02-Q3",4,4,"E07"
"C0081","02 Cardio Exam","S02-Q4",4,4,"E12"
"C0081","02 Cardio Exam","S02-Q5",3,4,"E07"
"C0081","03 Resp Exam","S03-Q1",4,4,"E06"
"C0081","03 Resp Exam","S03-Q2",4,4,"E12"
"C0081","03 Resp Exam","S03-Q3",2,4,"E12"
"C0081","03 Resp Exam","S03-Q4",3,4,"E05"
"C0081","03 Resp Exam","S03-Q5",2,4,"E12"
"C0081","04 Abdo Exam","S04-Q1",2,4,"E09"
"C0081","04 Abdo Exam","S04-Q2",4,4,"E06"
"C0081","04 Abdo Exam","S04-Q3",2,4,"E02"
"C0081","04 Abdo Exam","S04-Q4",3,4,"E08"
"C0081","04 Abdo Exam","S04-Q5",1,4,"E12"
"C0081","05 Neuro Exam","S05-Q1",3,4,"E01"
"C0081","05 Neuro Exam","S05-Q2",3,4,"E10"
"C0081","05 Neuro Exam","S05-Q3",2,4,"E03"
"C0081","05 Neuro Exam","S05-Q4",3,4,"E11"
"C0081","05 Neuro Exam","S05-Q5",4,4,"E11"
"C0081","06 Communication","S06-Q1",1,4,"E11"
"C0081","06 Communication","S06-Q2",3,4,"E06"
"C0081","06 Communication","S06-Q3",2,4,"E02"
"C0081","06 Communication","S06-Q4",4,4,"E03"
"C0081","06 Communication","S06-Q5",3,4,"E06"
"C0081","07 Prescribing","S07-Q1",3,4,"E06"
"C0081","07 Prescribing","S07-Q2",4,4,"E02"
"C0081","07 Prescribing","S07-Q3",1,4,"E04"
"C0081","07 Prescribing","S07-Q4",3,4,"E07"
"C0081","07 Prescribing","S07-Q5",3,4,"E03"
"C0081","08 Data Interp","S08-Q1",2,4,"E08"
"C0081","08 Data Interp","S08-Q2",4,4,"E09"
"C0081","08 Data Interp","S08-Q3",3,4,"E08"
"C0081","08 Data Interp","S08-Q4",3,4,"E07"
"C0081","08 Data Interp","S08-Q5",3,4,"E11"
"C0081","09 Practical Skills","S09-Q1",2,4,"E06"
"C0081","09 Practical Skills","S09-Q2",4,4,"E03"
"C0081","09 Practical Skills","S09-Q3",3,4,"E12"
"C0081","09 Practical Skills","S09-Q4",2,4,"E06"
"C0081","09 Practical Skills","S09-Q5",4,4,"E01"
"C0081","10 Ethics","S10-Q1",4,4,"E05"
"C0081","10 Ethics","S10-Q2",0,4,"E12"
"C0081","10 Ethics","S10-Q3",3,4,"E09"
"C0081","10 Ethics","S10-Q4",4,4,"E10"
"C0081","10 Ethics","S10-Q5",2,4,"E07"
"C0082","01 History Taking","S01-Q1",2,4,"E10"
"C0082","01 History Taking","S01-Q2",3,4,"E06"
"C0082","01 History Taking","S01-Q3",2,4,"E05"
"C0082","01 History Taking","S01-Q4",3,4,"E09"
"C0082","01 History Taking","S01-Q5",3,4,"E04"
"C0082","02 Cardio Exam","S02-Q1",1,4,"E01"
"C0082","02 Cardio Exam","S02-Q2",1,4,"E10"
"C0082","02 Cardio Exam","S02-Q3",3,4,"E05"
"C0082","02 Cardio Exam","S02-Q4",3,4,"E05"
"C0082","02 Cardio Exam","S02-Q5",1,4,"E08"
"C0082","03 Resp Exam","S03-Q1",2,4,"E12"
"C0082","03 Resp Exam","S03-Q2",1,4,"E03"
"C0082","03 Resp Exam","S03-Q3",2,4,"E09"
"C0082","03 Resp Exam","S03-Q4",3,4,"E04"
"C0082","03 Resp Exam","S03-Q5",2,4,"E01"
"C0082","04 Abdo Exam","S04-Q1",4,4,"E06"
"C0082","04 Abdo Exam","S04-Q2",3,4,"E01"
"C0082","04 Abdo Exam","S04-Q3",0,4,"E10"
"C0082","04 Abdo Exam","S04-Q4",3,4,"E05"
"C0082","04 Abdo Exam","S04-Q5",3,4,"E01"
"C0082","05 Neuro Exam","S05-Q1",4,4,"E11"
"C0082","05 Neuro Exam","S05-Q2",1,4,"E12"
"C0082","05 Neuro Exam","S05-Q3",3,4,"E05"
"C0082","05 Neuro Exam","S05-Q4",4,4,"E12"
"C0082","05 Neuro Exam","S05-Q5",1,4,"E05"
"C0082","06 Communication","S06-Q1",1,4,"E01"
"C0082","06 Communication","S06-Q2",2,4,"E03"
"C0082","06 Communication","S06-Q3",3,4,"E07"
"C0082","06 Communication","S06-Q4",1,4,"E07"
"C0082","06 Communication","S06-Q5",2,4,"E09"
"C0082","07 Prescribing","S07-Q1",1,4,"E10"
"C0082","07 Prescribing","S07-Q2",2,4,"E03"
"C0082","07 Prescribing","S07-Q3",0,4,"E12"
"C0082","07 Prescribing","S07-Q4",3,4,"E10"
"C0082","07 Prescribing","S07-Q5",0,4,"E03"
"C0082","08 Data Interp","S08-Q1",3,4,"E04"
"C0082","08 Data Interp","S08-Q2",3,4,"E01"
"C0082","08 Data Interp","S08-Q3",3,4,"E07"
"C0082","08 Data Interp","S08-Q4",4,4,"E09"
"C0082","08 Data Interp","S08-Q5",0,4,"E06"
"C0082","09 Practical Skills","S09-Q1",4,4,"E05"
"C0082","09 Practical Skills","S09-Q2",2,4,"E02"
"C0082","09 Practical Skills","S09-Q3",4,4,"E03"
"C0082","09 Practical Skills","S09-Q4",2,4,"E01"
"C0082","09 Practical Skills","S09-Q5",3,4,"E12"
"C0082","10 Ethics","S10-Q1",2,4,"E05"
"C0082","10 Ethics","S10-Q2",2,4,"E12"
"C0082","10 Ethics","S10-Q3",4,4,"E10"
"C0082","10 Ethics","S10-Q4",1,4,"E12"
"C0082","10 Ethics","S10-Q5",2,4,"E01"
"C0083","01 History Taking","S01-Q1",2,4,"E03"
"C0083","01 History Taking","S01-Q2",4,4,"E06"
"C0083","01 History Taking","S01-Q3",1,4,"E07"
"C0083","01 History Taking","S01-Q4",3,4,"E01"
"C0083","01 History Taking","S01-Q5",1,4,"E11"
"C0083","02 Cardio Exam","S02-Q1",3,4,"E10"
"C0083","02 Cardio Exam","S02-Q2",4,4,"E10"
"C0083","02 Cardio Exam","S02-Q3",4,4,"E01"
"C0083","02 Cardio Exam","S02-Q4",4,4,"E05"
"C0083","02 Cardio Exam","S02-Q5",4,4,"E03"
"C0083","03 Resp Exam","S03-Q1",2,4,"E12"
"C0083","03 Resp Exam","S03-Q2",1,4,"E12"
"C0083","03 Resp Exam","S03-Q3",3,4,"E06"
"C0083","03 Resp Exam","S03-Q4",2,4,"E10"
"C0083","03 Resp Exam","S03-Q5",1,4,"E05"
"C0083","04 Abdo Exam","S04-Q1",2,4,"E08"
"C0083","04 Abdo Exam","S04-Q2",3,4,"E09"
"C0083","04 Abdo Exam","S04-Q3",3,4,"E04"
"C0083","04 Abdo Exam","S04-Q4",3,4,"E10"
"C0083","04 Abdo Exam","S04-Q5",1,4,"E07"
"C0083","05 Neuro Exam","S05-Q1",3,4,"E05"
"C0083","05 Neuro Exam","S05-Q2",2,4,"E03"
"C0083","05 Neuro Exam","S05-Q3",2,4,"E08"
"C0083","05 Neuro Exam","S05-Q4",2,4,"E05"
"C0083","05 Neuro Exam","S05-Q5",2,4,"E07"
"C0083","06 Communication","S06-Q1",1,4,"E01"
"C0083","06 Communication","S06-Q2",4,4,"E05"
"C0083","06 Communication","S06-Q3",3,4,"E06"
"C0083","06 Communication","S06-Q4",2,4,"E01"
"C0083","06 Communication","S06-Q5",4,4,"E02"
"C0083","07 Prescribing","S07-Q1",2,4,"E02"
"C0083","07 Prescribing","S07-Q2",3,4,"E07"
"C0083","07 Prescribing","S07-Q3",0,4,"E11"
"C0083","07 Prescribing","S07-Q4",2,4,"E07"
"C0083","07 Prescribing","S07-Q5",1,4,"E03"
"C0083","08 Data Interp","S08-Q1",2,4,"E08"
"C0083","08 Data Interp","S08-Q2",4,4,"E05"
"C0083","08 Data Interp","S08-Q3",4,4,"E04"
"C0083","08 Data Interp","S08-Q4",3,4,"E03"
"C0083","08 Data Interp","S08-Q5",3,4,"E11"
"C0083","09 Practical Skills","S09-Q1",3,4,"E11"
"C0083","09 Practical Skills","S09-Q2",3,4,"E09"
"C0083","09 Practical Skills","S09-Q3",3,4,"E08"
"C0083","09 Practical Skills","S09-Q4",4,4,"E05"
"C0083","09 Practical Skills","S09-Q5",1,4,"E02"
"C0083","10 Ethics","S10-Q1",0,4,"E12"
"C0083","10 Ethics","S10-Q2",3,4,"E07"
"C0083","10 Ethics","S10-Q3",2,4,"E12"
"C0083","10 Ethics","S10-Q4",3,4,"E02"
"C0083","10 Ethics","S10-Q5",2,4,"E07"
"C0084","01 History Taking","S01-Q1",3,4,"E10"
"C0084","01 History Taking","S01-Q2",4,4,"E03"
"C0084","01 History Taking","S01-Q3",0,4,"E08"
"C0084","01 History Taking","S01-Q4",3,4,"E06"
"C0084","01 History Taking","S01-Q5",4,4,"E08"
"C0084","02 Cardio Exam","S02-Q1",1,4,"E08"
"C0084","02 Cardio Exam","S02-Q2",3,4,"E05"
"C0084","02 Cardio Exam","S02-Q3",3,4,"E03"
"C0084","02 Cardio Exam","S02-Q4",3,4,"E03"
"C0084","02 Cardio Exam","S02-Q5",3,4,"E01"
"C0084","03 Resp Exam","S03-Q1",3,4,"E04"
"C0084","03 Resp Exam","S03-Q2",1,4,"E01"
"C0084","03 Resp Exam","S03-Q3",4,4,"E02"
"C0084","03 Resp Exam","S03-Q4",1,4,"E05"
"C0084","03 Resp Exam","S03-Q5",3,4,"E03"
"C0084","04 Abdo Exam","S04-Q1",2,4,"E10"
"C0084","04 Abdo Exam","S04-Q2",2,4,"E12"
"C0084","04 Abdo Exam","S04-Q3",3,4,"E06"
"C0084","04 Abdo Exam","S04-Q4",3,4,"E12"
"C0084","04 Abdo Exam","S04-Q5",3,4,"E09"
"C0084","05 Neuro Exam","S05-Q1",2,4,"E01"
"C0084","05 Neuro Exam","S05-Q2",2,4,"E05"
"C0084","05 Neuro Exam","S05-Q3",1,4,"E11"
"C0084","05 Neuro Exam","S05-Q4",2,4,"E05"
"C0084","05 Neuro Exam","S05-Q5",3,4,"E04"
"C0084","06 Communication","S06-Q1",0,4,"E09"
"C0084","06 Communication","S06-Q2",4,4,"E12"
"C0084","06 Communication","S06-Q3",1,4,"E06"
"C0084","06 Communication","S06-Q4",2,4,"E10"
"C0084","06 Communication","S06-Q5",1,4,"E08"
"C0084","07 Prescribing","S07-Q1",4,4,"E03"
"C0084","07 Prescribing","S07-Q2",3,4,"E06"
"C0084","07 Prescribing","S07-Q3",1,4,"E11"
"C0084","07 Prescribing","S07-Q4",3,4,"E02"
"C0084","07 Prescribing","S07-Q5",1,4,"E08"
"C0084","08 Data Interp","S08-Q1",2,4,"E02"
"C0084","08 Data Interp","S08-Q2",2,4,"E02"
"C0084","08 Data Interp","S08-Q3",3,4,"E04"
"C0084","08 Data Interp","S08-Q4",2,4,"E03"
"C0084","08 Data Interp","S08-Q5",0,4,"E11"
"C0084","09 Practical Skills","S09-Q1",3,4,"E10"
"C0084","09 Practical Skills","S09-Q2",2,4,"E12"
"C0084","09 Practical Skills","S09-Q3",3,4,"E04"
"C0084","09 Practical Skills","S09-Q4",3,4,"E04"
"C0084","09 Practical Skills","S09-Q5",1,4,"E01"
"C0084","10 Ethics","S10-Q1",0,4,"E07"
"C0084","10 Ethics","S10-Q2",0,4,"E11"
"C0084","10 Ethics","S10-Q3",0,4,"E08"
"C0084","10 Ethics","S10-Q4",2,4,"E02"
"C0084","10 Ethics","S10-Q5",1,4,"E02"
"C0085","01 History Taking","S01-Q1",2,4,"E09"
"C0085","01 History Taking","S01-Q2",3,4,"E06"
"C0085","01 History Taking","S01-Q3",2,4,"E02"
"C0085","01 History Taking","S01-Q4",2,4,"E06"
"C0085","01 History Taking","S01-Q5",0,4,"E07"
"C0085","02 Cardio Exam","S02-Q1",3,4,"E08"
"C0085","02 Cardio Exam","S02-Q2",2,4,"E08"
"C0085","02 Cardio Exam","S02-Q3",2,4,"E09"
"C0085","02 Cardio Exam","S02-Q4",0,4,"E12"
"C0085","02 Cardio Exam","S02-Q5",2,4,"E01"
"C0085","03 Resp Exam","S03-Q1",0,4,"E12"
"C0085","03 Resp Exam","S03-Q2",1,4,"E12"
"C0085","03 Resp Exam","S03-Q3",0,4,"E11"
"C0085","03 Resp Exam","S03-Q4",1,4,"E08"
"C0085","03 Resp Exam","S03-Q5",1,4,"E03"
"C0085","04 Abdo Exam","S04-Q1",3,4,"E02"
"C0085","04 Abdo Exam","S04-Q2",1,4,"E12"
"C0085","04 Abdo Exam","S04-Q3",0,4,"E10"
"C0085","04 Abdo Exam","S04-Q4",3,4,"E09"
"C0085","04 Abdo Exam","S04-Q5",1,4,"E08"
"C0085","05 Neuro Exam","S05-Q1",1,4,"E01"
"C0085","05 Neuro Exam","S05-Q2",0,4,"E03"
"C0085","05 Neuro Exam","S05-Q3",3,4,"E08"
"C0085","05 Neuro Exam","S05-Q4",1,4,"E07"
"C0085","05 Neuro Exam","S05-Q5",0,4,"E09"
"C0085","06 Communication","S06-Q1",3,4,"E09"
"C0085","06 Communication","S06-Q2",4,4,"E04"
"C0085","06 Communication","S06-Q3",0,4,"E06"
"C0085","06 Communication","S06-Q4",3,4,"E12"
"C0085","06 Communication","S06-Q5",3,4,"E02"
"C0085","07 Prescribing","S07-Q1",2,4,"E12"
"C0085","07 Prescribing","S07-Q2",3,4,"E03"
"C0085","07 Prescribing","S07-Q3",0,4,"E05"
"C0085","07 Prescribing","S07-Q4",1,4,"E08"
"C0085","07 Prescribing","S07-Q5",0,4,"E08"
"C0085","08 Data Interp","S08-Q1",0,4,"E08"
"C0085","08 Data Interp","S08-Q2",1,4,"E12"
"C0085","08 Data Interp","S08-Q3",1,4,"E09"
"C0085","08 Data Interp","S08-Q4",2,4,"E09"
"C0085","08 Data Interp","S08-Q5",1,4,"E12"
"C0085","09 Practical Skills","S09-Q1",1,4,"E02"
"C0085","09 Practical Skills","S09-Q2",2,4,"E10"
"C0085","09 Practical Skills","S09-Q3",1,4,"E04"
"C0085","09 Practical Skills","S09-Q4",2,4,"E11"
"C0085","09 Practical Skills","S09-Q5",0,4,"E08"
"C0085","10 Ethics","S10-Q1",0,4,"E03"
"C0085","10 Ethics","S10-Q2",1,4,"E01"
"C0085","10 Ethics","S10-Q3",0,4,"E01"
"C0085","10 Ethics","S10-Q4",0,4,"E04"
"C0085","10 Ethics","S10-Q5",1,4,"E05"
"C0086","01 History Taking","S01-Q1",3,4,"E12"
"C0086","01 History Taking","S01-Q2",2,4,"E10"
"C0086","01 History Taking","S01-Q3",4,4,"E04"
"C0086","01 History Taking","S01-Q4",4,4,"E11"
"C0086","01 History Taking","S01-Q5",2,4,"E03"
"C0086","02 Cardio Exam","S02-Q1",4,4,"E10"
"C0086","02 Cardio Exam","S02-Q2",3,4,"E12"
"C0086","02 Cardio Exam","S02-Q3",4,4,"E10"
"C0086","02 Cardio Exam","S02-Q4",4,4,"E07"
"C0086","02 Cardio Exam","S02-Q5",3,4,"E06"
"C0086","03 Resp Exam","S03-Q1",2,4,"E08"
"C0086","03 Resp Exam","S03-Q2",2,4,"E09"
"C0086","03 Resp Exam","S03-Q3",3,4,"E05"
"C0086","03 Resp Exam","S03-Q4",3,4,"E04"
"C0086","03 Resp Exam","S03-Q5",1,4,"E07"
"C0086","04 Abdo Exam","S04-Q1",4,4,"E09"
"C0086","04 Abdo Exam","S04-Q2",4,4,"E09"
"C0086","04 Abdo Exam","S04-Q3",2,4,"E05"
"C0086","04 Abdo Exam","S04-Q4",2,4,"E08"
"C0086","04 Abdo Exam","S04-Q5",3,4,"E11"
"C0086","05 Neuro Exam","S05-Q1",2,4,"E09"
"C0086","05 Neuro Exam","S05-Q2",2,4,"E11"
"C0086","05 Neuro Exam","S05-Q3",2,4,"E02"
"C0086","05 Neuro Exam","S05-Q4",4,4,"E05"
"C0086","05 Neuro Exam","S05-Q5",3,4,"E10"
"C0086","06 Communication","S06-Q1",4,4,"E04"
"C0086","06 Communication","S06-Q2",2,4,"E06"
"C0086","06 Communication","S06-Q3",4,4,"E12"
"C0086","06 Communication","S06-Q4",4,4,"E06"
"C0086","06 Communication","S06-Q5",4,4,"E02"
"C0086","07 Prescribing","S07-Q1",4,4,"E03"
"C0086","07 Prescribing","S07-Q2",3,4,"E05"
"C0086","07 Prescribing","S07-Q3",0,4,"E01"
"C0086","07 Prescribing","S07-Q4",4,4,"E09"
"C0086","07 Prescribing","S07-Q5",3,4,"E02"
"C0086","08 Data Interp","S08-Q1",3,4,"E04"
"C0086","08 Data Interp","S08-Q2",4,4,"E06"
"C0086","08 Data Interp","S08-Q3",3,4,"E01"
"C0086","08 Data Interp","S08-Q4",4,4,"E08"
"C0086","08 Data Interp","S08-Q5",1,4,"E01"
"C0086","09 Practical Skills","S09-Q1",2,4,"E07"
"C0086","09 Practical Skills","S09-Q2",2,4,"E06"
"C0086","09 Practical Skills","S09-Q3",3,4,"E02"
"C0086","09 Practical Skills","S09-Q4",2,4,"E09"
"C0086","09 Practical Skills","S09-Q5",2,4,"E03"
"C0086","10 Ethics","S10-Q1",1,4,"E08"
"C0086","10 Ethics","S10-Q2",2,4,"E09"
"C0086","10 Ethics","S10-Q3",1,4,"E03"
"C0086","10 Ethics","S10-Q4",2,4,"E06"
"C0086","10 Ethics","S10-Q5",1,4,"E01"
"C0087","01 History Taking","S01-Q1",1,4,"E06"
"C0087","01 History Taking","S01-Q2",2,4,"E07"
"C0087","01 History Taking","S01-Q3",2,4,"E08"
"C0087","01 History Taking","S01-Q4",1,4,"E10"
"C0087","01 History Taking","S01-Q5",2,4,"E11"
"C0087","02 Cardio Exam","S02-Q1",3,4,"E04"
"C0087","02 Cardio Exam","S02-Q2",2,4,"E09"
"C0087","02 Cardio Exam","S02-Q3",0,4,"E06"
"C0087","02 Cardio Exam","S02-Q4",1,4,"E06"
"C0087","02 Cardio Exam","S02-Q5",2,4,"E06"
"C0087","03 Resp Exam","S03-Q1",1,4,"E08"
"C0087","03 Resp Exam","S03-Q2",1,4,"E01"
"C0087","03 Resp Exam","S03-Q3",2,4,"E09"
"C0087","03 Resp Exam","S03-Q4",0,4,"E05"
"C0087","03 Resp Exam","S03-Q5",3,4,"E01"
"C0087","04 Abdo Exam","S04-Q1",0,4,"E11"
"C0087","04 Abdo Exam","S04-Q2",1,4,"E10"
"C0087","04 Abdo Exam","S04-Q3",1,4,"E01"
"C0087","04 Abdo Exam","S04-Q4",3,4,"E04"
"C0087","04 Abdo Exam","S04-Q5",3,4,"E03"
"C0087","05 Neuro Exam","S05-Q1",3,4,"E01"
"C0087","05 Neuro Exam","S05-Q2",1,4,"E12"
"C0087","05 Neuro Exam","S05-Q3",1,4,"E10"
"C0087","05 Neuro Exam","S05-Q4",0,4,"E12"
"C0087","05 Neuro Exam","S05-Q5",2,4,"E06"
"C0087","06 Communication","S06-Q1",1,4,"E06"
"C0087","06 Communication","S06-Q2",4,4,"E02"
"C0087","06 Communication","S06-Q3",2,4,"E06"
"C0087","06 Communication","S06-Q4",1,4,"E05"
"C0087","06 Communication","S06-Q5",3,4,"E11"
"C0087","07 Prescribing","S07-Q1",1,4,"E06"
"C0087","07 Prescribing","S07-Q2",3,4,"E07"
"C0087","07 Prescribing","S07-Q3",0,4,"E05"
"C0087","07 Prescribing","S07-Q4",2,4,"E01"
"C0087","07 Prescribing","S07-Q5",3,4,"E10"
"C0087","08 Data Interp","S08-Q1",3,4,"E09"
"C0087","08 Data Interp","S08-Q2",2,4,"E06"
"C0087","08 Data Interp","S08-Q3",1,4,"E08"
"C0087","08 Data Interp","S08-Q4",3,4,"E06"
"C0087","08 Data Interp","S08-Q5",3,4,"E07"
"C0087","09 Practical Skills","S09-Q1",4,4,"E09"
"C0087","09 Practical Skills","S09-Q2",3,4,"E02"
"C0087","09 Practical Skills","S09-Q3",2,4,"E11"
"C0087","09 Practical Skills","S09-Q4",2,4,"E04"
"C0087","09 Practical Skills","S09-Q5",1,4,"E09"
"C0087","10 Ethics","S10-Q1",2,4,"E08"
"C0087","10 Ethics","S10-Q2",4,4,"E10"
"C0087","10 Ethics","S10-Q3",1,4,"E04"
"C0087","10 Ethics","S10-Q4",2,4,"E03"
"C0087","10 Ethics","S10-Q5",1,4,"E06"
"C0088","01 History Taking","S01-Q1",3,4,"E12"
"C0088","01 History Taking","S01-Q2",2,4,"E02"
"C0088","01 History Taking","S01-Q3",2,4,"E08"
"C0088","01 History Taking","S01-Q4",0,4,"E04"
"C0088","01 History Taking","S01-Q5",1,4,"E09"
"C0088","02 Cardio Exam","S02-Q1",2,4,"E06"
"C0088","02 Cardio Exam","S02-Q2",2,4,"E05"
"C0088","02 Cardio Exam","S02-Q3",4,4,"E07"
"C0088","02 Cardio Exam","S02-Q4",3,4,"E11"
"C0088","02 Cardio Exam","S02-Q5",1,4,"E10"
"C0088","03 Resp Exam","S03-Q1",1,4,"E10"
"C0088","03 Resp Exam","S03-Q2",3,4,"E08"
"C0088","03 Resp Exam","S03-Q3",2,4,"E07"
"C0088","03 Resp Exam","S03-Q4",3,4,"E11"
"C0088","03 Resp Exam","S03-Q5",1,4,"E06"
"C0088","04 Abdo Exam","S04-Q1",2,4,"E02"
"C0088","04 Abdo Exam","S04-Q2",0,4,"E03"
"C0088","04 Abdo Exam","S04-Q3",0,4,"E11"
"C0088","04 Abdo Exam","S04-Q4",4,4,"E08"
"C0088","04 Abdo Exam","S04-Q5",1,4,"E05"
"C0088","05 Neuro Exam","S05-Q1",3,4,"E02"
"C0088","05 Neuro Exam","S05-Q2",4,4,"E04"
"C0088","05 Neuro Exam","S05-Q3",2,4,"E09"
"C0088","05 Neuro Exam","S05-Q4",2,4,"E07"
"C0088","05 Neuro Exam","S05-Q5",1,4,"E06"
"C0088","06 Communication","S06-Q1",1,4,"E06"
"C0088","06 Communication","S06-Q2",2,4,"E05"
"C0088","06 Communication","S06-Q3",2,4,"E04"
"C0088","06 Communication","S06-Q4",0,4,"E03"
"C0088","06 Communication","S06-Q5",3,4,"E11"
"C0088","07 Prescribing","S07-Q1",2,4,"E02"
"C0088","07 Prescribing","S07-Q2",3,4,"E03"
"C0088","07 Prescribing","S07-Q3",0,4,"E10"
"C0088","07 Prescribing","S07-Q4",1,4,"E03"
"C0088","07 Prescribing","S07-Q5",3,4,"E02"
"C0088","08 Data Interp","S08-Q1",1,4,"E08"
"C0088","08 Data Interp","S08-Q2",0,4,"E12"
"C0088","08 Data Interp","S08-Q3",3,4,"E12"
"C0088","08 Data Interp","S08-Q4",1,4,"E11"
"C0088","08 Data Interp","S08-Q5",1,4,"E09"
"C0088","09 Practical Skills","S09-Q1",1,4,"E01"
"C0088","09 Practical Skills","S09-Q2",1,4,"E05"
"C0088","09 Practical Skills","S09-Q3",1,4,"E11"
"C0088","09 Practical Skills","S09-Q4",2,4,"E05"
"C0088","09 Practical Skills","S09-Q5",1,4,"E12"
"C0088","10 Ethics","S10-Q1",1,4,"E11"
"C0088","10 Ethics","S10-Q2",2,4,"E12"
"C0088","10 Ethics","S10-Q3",1,4,"E11"
"C0088","10 Ethics","S10-Q4",1,4,"E03"
"C0088","10 Ethics","S10-Q5",1,4,"E10"
"C0089","01 History Taking","S01-Q1",4,4,"E09"
"C0089","01 History Taking","S01-Q2",2,4,"E09"
"C0089","01 History Taking","S01-Q3",1,4,"E05"
"C0089","01 History Taking","S01-Q4",3,4,"E01"
"C0089","01 History Taking","S01-Q5",2,4,"E11"
"C0089","02 Cardio Exam","S02-Q1",4,4,"E03"
"C0089","02 Cardio Exam","S02-Q2",3,4,"E04"
"C0089","02 Cardio Exam","S02-Q3",4,4,"E12"
"C0089","02 Cardio Exam","S02-Q4",4,4,"E10"
"C0089","02 Cardio Exam","S02-Q5",2,4,"E05"
"C0089","03 Resp Exam","S03-Q1",4,4,"E03"
"C0089","03 Resp Exam","S03-Q2",4,4,"E04"
"C0089","03 Resp Exam","S03-Q3",4,4,"E06"
"C0089","03 Resp Exam","S03-Q4",1,4,"E02"
"C0089","03 Resp Exam","S03-Q5",4,4,"E07"
"C0089","04 Abdo Exam","S04-Q1",4,4,"E06"
"C0089","04 Abdo Exam","S04-Q2",2,4,"E01"
"C0089","04 Abdo Exam","S04-Q3",1,4,"E08"
"C0089","04 Abdo Exam","S04-Q4",2,4,"E02"
"C0089","04 Abdo Exam","S04-Q5",2,4,"E11"
"C0089","05 Neuro Exam","S05-Q1",3,4,"E12"
"C0089","05 Neuro Exam","S05-Q2",4,4,"E04"
"C0089","05 Neuro Exam","S05-Q3",3,4,"E03"
"C0089","05 Neuro Exam","S05-Q4",1,4,"E08"
"C0089","05 Neuro Exam","S05-Q5",2,4,"E07"
"C0089","06 Communication","S06-Q1",4,4,"E09"
"C0089","06 Communication","S06-Q2",4,4,"E03"
"C0089","06 Communication","S06-Q3",4,4,"E03"
"C0089","06 Communication","S06-Q4",3,4,"E10"
"C0089","06 Communication","S06-Q5",2,4,"E10"
"C0089","07 Prescribing","S07-Q1",3,4,"E01"
"C0089","07 Prescribing","S07-Q2",4,4,"E08"
"C0089","07 Prescribing","S07-Q3",0,4,"E12"
"C0089","07 Prescribing","S07-Q4",1,4,"E09"
"C0089","07 Prescribing","S07-Q5",2,4,"E04"
"C0089","08 Data Interp","S08-Q1",2,4,"E09"
"C0089","08 Data Interp","S08-Q2",1,4,"E08"
"C0089","08 Data Interp","S08-Q3",2,4,"E03"
"C0089","08 Data Interp","S08-Q4",4,4,"E09"
"C0089","08 Data Interp","S08-Q5",4,4,"E06"
"C0089","09 Practical Skills","S09-Q1",4,4,"E09"
"C0089","09 Practical Skills","S09-Q2",0,4,"E12"
"C0089","09 Practical Skills","S09-Q3",4,4,"E10"
"C0089","09 Practical Skills","S09-Q4",1,4,"E09"
"C0089","09 Practical Skills","S09-Q5",2,4,"E06"
"C0089","10 Ethics","S10-Q1",4,4,"E07"
"C0089","10 Ethics","S10-Q2",3,4,"E07"
"C0089","10 Ethics","S10-Q3",3,4,"E01"
"C0089","10 Ethics","S10-Q4",1,4,"E09"
"C0089","10 Ethics","S10-Q5",4,4,"E07"
"C0090","01 History Taking","S01-Q1",4,4,"E01"
"C0090","01 History Taking","S01-Q2",4,4,"E05"
"C0090","01 History Taking","S01-Q3",4,4,"E03"
"C0090","01 History Taking","S01-Q4",4,4,"E03"
"C0090","01 History Taking","S01-Q5",4,4,"E08"
"C0090","02 Cardio Exam","S02-Q1",2,4,"E08"
"C0090","02 Cardio Exam","S02-Q2",3,4,"E05"
"C0090","02 Cardio Exam","S02-Q3",4,4,"E11"
"C0090","02 Cardio Exam","S02-Q4",4,4,"E08"
"C0090","02 Cardio Exam","S02-Q5",3,4,"E08"
"C0090","03 Resp Exam","S03-Q1",2,4,"E01"
"C0090","03 Resp Exam","S03-Q2",3,4,"E05"
"C0090","03 Resp Exam","S03-Q3",1,4,"E12"
"C0090","03 Resp Exam","S03-Q4",4,4,"E12"
"C0090","03 Resp Exam","S03-Q5",2,4,"E09"
"C0090","04 Abdo Exam","S04-Q1",2,4,"E10"
"C0090","04 Abdo Exam","S04-Q2",3,4,"E04"
"C0090","04 Abdo Exam","S04-Q3",4,4,"E07"
"C0090","04 Abdo Exam","S04-Q4",3,4,"E11"
"C0090","04 Abdo Exam","S04-Q5",2,4,"E03"
"C0090","05 Neuro Exam","S05-Q1",1,4,"E02"
"C0090","05 Neuro Exam","S05-Q2",1,4,"E06"
"C0090","05 Neuro Exam","S05-Q3",1,4,"E08"
"C0090","05 Neuro Exam","S05-Q4",2,4,"E07"
"C0090","05 Neuro Exam","S05-Q5",4,4,"E05"
"C0090","06 Communication","S06-Q1",3,4,"E06"
"C0090","06 Communication","S06-Q2",4,4,"E05"
"C0090","06 Communication","S06-Q3",3,4,"E08"
"C0090","06 Communication","S06-Q4",3,4,"E07"
"C0090","06 Communication","S06-Q5",3,4,"E03"
"C0090","07 Prescribing","S07-Q1",1,4,"E12"
"C0090","07 Prescribing","S07-Q2",3,4,"E10"
"C0090","07 Prescribing","S07-Q3",0,4,"E05"
"C0090","07 Prescribing","S07-Q4",3,4,"E06"
"C0090","07 Prescribing","S07-Q5",3,4,"E10"
"C0090","08 Data Interp","S08-Q1",4,4,"E07"
"C0090","08 Data Interp","S08-Q2",4,4,"E11"
"C0090","08 Data Interp","S08-Q3",1,4,"E05"
"C0090","08 Data Interp","S08-Q4",4,4,"E03"
"C0090","08 Data Interp","S08-Q5",1,4,"E04"
"C0090","09 Practical Skills","S09-Q1",4,4,"E06"
"C0090","09 Practical Skills","S09-Q2",3,4,"E01"
"C0090","09 Practical Skills","S09-Q3",2,4,"E01"
"C0090","09 Practical Skills","S09-Q4",2,4,"E07"
"C0090","09 Practical Skills","S09-Q5",3,4,"E02"
"C0090","10 Ethics","S10-Q1",1,4,"E04"
"C0090","10 Ethics","S10-Q2",3,4,"E04"
"C0090","10 Ethics","S10-Q3",4,4,"E09"
"C0090","10 Ethics","S10-Q4",4,4,"E07"
"C0090","10 Ethics","S10-Q5",2,4,"E08"
"C0091","01 History Taking","S01-Q1",4,4,"E04"
"C0091","01 History Taking","S01-Q2",3,4,"E01"
"C0091","01 History Taking","S01-Q3",4,4,"E12"
"C0091","01 History Taking","S01-Q4",4,4,"E06"
"C0091","01 History Taking","S01-Q5",4,4,"E09"
"C0091","02 Cardio Exam","S02-Q1",4,4,"E07"
"C0091","02 Cardio Exam","S02-Q2",2,4,"E08"
"C0091","02 Cardio Exam","S02-Q3",4,4,"E05"
"C0091","02 Cardio Exam","S02-Q4",4,4,"E03"
"C0091","02 Cardio Exam","S02-Q5",3,4,"E05"
"C0091","03 Resp Exam","S03-Q1",4,4,"E01"
"C0091","03 Resp Exam","S03-Q2",4,4,"E03"
"C0091","03 Resp Exam","S03-Q3",3,4,"E09"
"C0091","03 Resp Exam","S03-Q4",1,4,"E03"
"C0091","03 Resp Exam","S03-Q5",1,4,"E09"
"C0091","04 Abdo Exam","S04-Q1",3,4,"E11"
"C0091","04 Abdo Exam","S04-Q2",4,4,"E04"
"C0091","04 Abdo Exam","S04-Q3",2,4,"E06"
"C0091","04 Abdo Exam","S04-Q4",2,4,"E09"
"C0091","04 Abdo Exam","S04-Q5",2,4,"E01"
"C0091","05 Neuro Exam","S05-Q1",4,4,"E05"
"C0091","05 Neuro Exam","S05-Q2",2,4,"E06"
"C0091","05 Neuro Exam","S05-Q3",4,4,"E03"
"C0091","05 Neuro Exam","S05-Q4",2,4,"E10"
"C0091","05 Neuro Exam","S05-Q5",3,4,"E09"
"C0091","06 Communication","S06-Q1",3,4,"E08"
"C0091","06 Communication","S06-Q2",4,4,"E08"
"C0091","06 Communication","S06-Q3",4,4,"E05"
"C0091","06 Communication","S06-Q4",2,4,"E12"
"C0091","06 Communication","S06-Q5",4,4,"E07"
"C0091","07 Prescribing","S07-Q1",4,4,"E03"
"C0091","07 Prescribing","S07-Q2",3,4,"E07"
"C0091","07 Prescribing","S07-Q3",0,4,"E04"
"C0091","07 Prescribing","S07-Q4",2,4,"E09"
"C0091","07 Prescribing","S07-Q5",2,4,"E02"
"C0091","08 Data Interp","S08-Q1",4,4,"E11"
"C0091","08 Data Interp","S08-Q2",4,4,"E09"
"C0091","08 Data Interp","S08-Q3",4,4,"E05"
"C0091","08 Data Interp","S08-Q4",3,4,"E11"
"C0091","08 Data Interp","S08-Q5",4,4,"E06"
"C0091","09 Practical Skills","S09-Q1",3,4,"E08"
"C0091","09 Practical Skills","S09-Q2",3,4,"E08"
"C0091","09 Practical Skills","S09-Q3",4,4,"E03"
"C0091","09 Practical Skills","S09-Q4",3,4,"E05"
"C0091","09 Practical Skills","S09-Q5",2,4,"E05"
"C0091","10 Ethics","S10-Q1",4,4,"E06"
"C0091","10 Ethics","S10-Q2",4,4,"E02"
"C0091","10 Ethics","S10-Q3",1,4,"E04"
"C0091","10 Ethics","S10-Q4",3,4,"E09"
"C0091","10 Ethics","S10-Q5",3,4,"E07"
"C0092","01 History Taking","S01-Q1",3,4,"E02"
"C0092","01 History Taking","S01-Q2",2,4,"E04"
"C0092","01 History Taking","S01-Q3",0,4,"E10"
"C0092","01 History Taking","S01-Q4",4,4,"E08"
"C0092","01 History Taking","S01-Q5",1,4,"E04"
"C0092","02 Cardio Exam","S02-Q1",1,4,"E10"
"C0092","02 Cardio Exam","S02-Q2",1,4,"E05"
"C0092","02 Cardio Exam","S02-Q3",2,4,"E12"
"C0092","02 Cardio Exam","S02-Q4",2,4,"E11"
"C0092","02 Cardio Exam","S02-Q5",1,4,"E09"
"C0092","03 Resp Exam","S03-Q1",1,4,"E11"
"C0092","03 Resp Exam","S03-Q2",2,4,"E02"
"C0092","03 Resp Exam","S03-Q3",1,4,"E08"
"C0092","03 Resp Exam","S03-Q4",3,4,"E01"
"C0092","03 Resp Exam","S03-Q5",1,4,"E10"
"C0092","04 Abdo Exam","S04-Q1",2,4,"E11"
"C0092","04 Abdo Exam","S04-Q2",2,4,"E12"
"C0092","04 Abdo Exam","S04-Q3",0,4,"E08"
"C0092","04 Abdo Exam","S04-Q4",3,4,"E01"
"C0092","04 Abdo Exam","S04-Q5",0,4,"E06"
"C0092","05 Neuro Exam","S05-Q1",4,4,"E05"
"C0092","05 Neuro Exam","S05-Q2",0,4,"E05"
"C0092","05 Neuro Exam","S05-Q3",1,4,"E02"
"C0092","05 Neuro Exam","S05-Q4",0,4,"E08"
"C0092","05 Neuro Exam","S05-Q5",1,4,"E11"
"C0092","06 Communication","S06-Q1",0,4,"E02"
"C0092","06 Communication","S06-Q2",3,4,"E06"
"C0092","06 Communication","S06-Q3",2,4,"E03"
"C0092","06 Communication","S06-Q4",0,4,"E07"
"C0092","06 Communication","S06-Q5",4,4,"E05"
"C0092","07 Prescribing","S07-Q1",1,4,"E10"
"C0092","07 Prescribing","S07-Q2",2,4,"E02"
"C0092","07 Prescribing","S07-Q3",0,4,"E11"
"C0092","07 Prescribing","S07-Q4",1,4,"E02"
"C0092","07 Prescribing","S07-Q5",2,4,"E01"
"C0092","08 Data Interp","S08-Q1",1,4,"E11"
"C0092","08 Data Interp","S08-Q2",3,4,"E04"
"C0092","08 Data Interp","S08-Q3",1,4,"E12"
"C0092","08 Data Interp","S08-Q4",2,4,"E09"
"C0092","08 Data Interp","S08-Q5",1,4,"E11"
"C0092","09 Practical Skills","S09-Q1",1,4,"E09"
"C0092","09 Practical Skills","S09-Q2",3,4,"E08"
"C0092","09 Practical Skills","S09-Q3",1,4,"E04"
"C0092","09 Practical Skills","S09-Q4",2,4,"E07"
"C0092","09 Practical Skills","S09-Q5",1,4,"E06"
"C0092","10 Ethics","S10-Q1",2,4,"E11"
"C0092","10 Ethics","S10-Q2",3,4,"E04"
"C0092","10 Ethics","S10-Q3",3,4,"E12"
"C0092","10 Ethics","S10-Q4",1,4,"E09"
"C0092","10 Ethics","S10-Q5",0,4,"E04"
"C0093","01 History Taking","S01-Q1",3,4,"E03"
"C0093","01 History Taking","S01-Q2",2,4,"E04"
"C0093","01 History Taking","S01-Q3",2,4,"E09"
"C0093","01 History Taking","S01-Q4",3,4,"E11"
"C0093","01 History Taking","S01-Q5",4,4,"E04"
"C0093","02 Cardio Exam","S02-Q1",4,4,"E11"
"C0093","02 Cardio Exam","S02-Q2",2,4,"E08"
"C0093","02 Cardio Exam","S02-Q3",4,4,"E06"
"C0093","02 Cardio Exam","S02-Q4",4,4,"E02"
"C0093","02 Cardio Exam","S02-Q5",4,4,"E11"
"C0093","03 Resp Exam","S03-Q1",2,4,"E08"
"C0093","03 Resp Exam","S03-Q2",4,4,"E10"
"C0093","03 Resp Exam","S03-Q3",2,4,"E11"
"C0093","03 Resp Exam","S03-Q4",2,4,"E03"
"C0093","03 Resp Exam","S03-Q5",3,4,"E12"
"C0093","04 Abdo Exam","S04-Q1",2,4,"E04"
"C0093","04 Abdo Exam","S04-Q2",3,4,"E04"
"C0093","04 Abdo Exam","S04-Q3",1,4,"E07"
"C0093","04 Abdo Exam","S04-Q4",1,4,"E05"
"C0093","04 Abdo Exam","S04-Q5",4,4,"E07"
"C0093","05 Neuro Exam","S05-Q1",1,4,"E04"
"C0093","05 Neuro Exam","S05-Q2",2,4,"E11"
"C0093","05 Neuro Exam","S05-Q3",4,4,"E07"
"C0093","05 Neuro Exam","S05-Q4",2,4,"E08"
"C0093","05 Neuro Exam","S05-Q5",3,4,"E08"
"C0093","06 Communication","S06-Q1",1,4,"E07"
"C0093","06 Communication","S06-Q2",2,4,"E06"
"C0093","06 Communication","S06-Q3",3,4,"E08"
"C0093","06 Communication","S06-Q4",3,4,"E06"
"C0093","06 Communication","S06-Q5",3,4,"E03"
"C0093","07 Prescribing","S07-Q1",3,4,"E03"
"C0093","07 Prescribing","S07-Q2",4,4,"E02"
"C0093","07 Prescribing","S07-Q3",1,4,"E12"
"C0093","07 Prescribing","S07-Q4",3,4,"E09"
"C0093","07 Prescribing","S07-Q5",1,4,"E04"
"C0093","08 Data Interp","S08-Q1",4,4,"E12"
"C0093","08 Data Interp","S08-Q2",3,4,"E01"
"C0093","08 Data Interp","S08-Q3",2,4,"E04"
"C0093","08 Data Interp","S08-Q4",0,4,"E01"
"C0093","08 Data Interp","S08-Q5",1,4,"E03"
"C0093","09 Practical Skills","S09-Q1",4,4,"E04"
"C0093","09 Practical Skills","S09-Q2",4,4,"E09"
"C0093","09 Practical Skills","S09-Q3",1,4,"E09"
"C0093","09 Practical Skills","S09-Q4",3,4,"E09"
"C0093","09 Practical Skills","S09-Q5",2,4,"E11"
"C0093","10 Ethics","S10-Q1",1,4,"E11"
"C0093","10 Ethics","S10-Q2",3,4,"E01"
"C0093","10 Ethics","S10-Q3",2,4,"E12"
"C0093","10 Ethics","S10-Q4",3,4,"E08"
"C0093","10 Ethics","S10-Q5",3,4,"E09"
"C0094","01 History Taking","S01-Q1",1,4,"E04"
"C0094","01 History Taking","S01-Q2",2,4,"E02"
"C0094","01 History Taking","S01-Q3",4,4,"E10"
"C0094","01 History Taking","S01-Q4",2,4,"E04"
"C0094","01 History Taking","S01-Q5",4,4,"E02"
"C0094","02 Cardio Exam","S02-Q1",4,4,"E10"
"C0094","02 Cardio Exam","S02-Q2",4,4,"E03"
"C0094","02 Cardio Exam","S02-Q3",2,4,"E04"
"C0094","02 Cardio Exam","S02-Q4",4,4,"E09"
"C0094","02 Cardio Exam","S02-Q5",3,4,"E08"
"C0094","03 Resp Exam","S03-Q1",3,4,"E03"
"C0094","03 Resp Exam","S03-Q2",4,4,"E07"
"C0094","03 Resp Exam","S03-Q3",2,4,"E05"
"C0094","03 Resp Exam","S03-Q4",4,4,"E10"
"C0094","03 Resp Exam","S03-Q5",3,4,"E10"
"C0094","04 Abdo Exam","S04-Q1",4,4,"E03"
"C0094","04 Abdo Exam","S04-Q2",4,4,"E07"
"C0094","04 Abdo Exam","S04-Q3",3,4,"E01"
"C0094","04 Abdo Exam","S04-Q4",4,4,"E11"
"C0094","04 Abdo Exam","S04-Q5",4,4,"E01"
"C0094","05 Neuro Exam","S05-Q1",3,4,"E11"
"C0094","05 Neuro Exam","S05-Q2",3,4,"E05"
"C0094","05 Neuro Exam","S05-Q3",4,4,"E08"
"C0094","05 Neuro Exam","S05-Q4",1,4,"E12"
"C0094","05 Neuro Exam","S05-Q5",4,4,"E04"
"C0094","06 Communication","S06-Q1",4,4,"E07"
"C0094","06 Communication","S06-Q2",4,4,"E11"
"C0094","06 Communication","S06-Q3",2,4,"E03"
"C0094","06 Communication","S06-Q4",3,4,"E11"
"C0094","06 Communication","S06-Q5",1,4,"E08"
"C0094","07 Prescribing","S07-Q1",2,4,"E05"
"C0094","07 Prescribing","S07-Q2",3,4,"E01"
"C0094","07 Prescribing","S07-Q3",0,4,"E07"
"C0094","07 Prescribing","S07-Q4",4,4,"E02"
"C0094","07 Prescribing","S07-Q5",3,4,"E07"
"C0094","08 Data Interp","S08-Q1",3,4,"E11"
"C0094","08 Data Interp","S08-Q2",3,4,"E08"
"C0094","08 Data Interp","S08-Q3",3,4,"E03"
"C0094","08 Data Interp","S08-Q4",4,4,"E06"
"C0094","08 Data Interp","S08-Q5",2,4,"E05"
"C0094","09 Practical Skills","S09-Q1",4,4,"E07"
"C0094","09 Practical Skills","S09-Q2",4,4,"E05"
"C0094","09 Practical Skills","S09-Q3",4,4,"E03"
"C0094","09 Practical Skills","S09-Q4",4,4,"E09"
"C0094","09 Practical Skills","S09-Q5",0,4,"E09"
"C0094","10 Ethics","S10-Q1",2,4,"E04"
"C0094","10 Ethics","S10-Q2",3,4,"E03"
"C0094","10 Ethics","S10-Q3",4,4,"E10"
"C0094","10 Ethics","S10-Q4",3,4,"E12"
"C0094","10 Ethics","S10-Q5",3,4,"E08"
"C0095","01 History Taking","S01-Q1",2,4,"E08"
"C0095","01 History Taking","S01-Q2",2,4,"E06"
"C0095","01 History Taking","S01-Q3",1,4,"E10"
"C0095","01 History Taking","S01-Q4",2,4,"E09"
"C0095","01 History Taking","S01-Q5",0,4,"E07"
"C0095","02 Cardio Exam","S02-Q1",1,4,"E04"
"C0095","02 Cardio Exam","S02-Q2",0,4,"E03"
"C0095","02 Cardio Exam","S02-Q3",1,4,"E08"
"C0095","02 Cardio Exam","S02-Q4",0,4,"E06"
"C0095","02 Cardio Exam","S02-Q5",2,4,"E10"
"C0095","03 Resp Exam","S03-Q1",0,4,"E01"
"C0095","03 Resp Exam","S03-Q2",0,4,"E03"
"C0095","03 Resp Exam","S03-Q3",0,4,"E04"
"C0095","03 Resp Exam","S03-Q4",1,4,"E06"
"C0095","03 Resp Exam","S03-Q5",1,4,"E05"
"C0095","04 Abdo Exam","S04-Q1",2,4,"E09"
"C0095","04 Abdo Exam","S04-Q2",2,4,"E06"
"C0095","04 Abdo Exam","S04-Q3",1,4,"E10"
"C0095","04 Abdo Exam","S04-Q4",0,4,"E06"
"C0095","04 Abdo Exam","S04-Q5",0,4,"E12"
"C0095","05 Neuro Exam","S05-Q1",1,4,"E05"
"C0095","05 Neuro Exam","S05-Q2",0,4,"E04"
"C0095","05 Neuro Exam","S05-Q3",1,4,"E01"
"C0095","05 Neuro Exam","S05-Q4",1,4,"E08"
"C0095","05 Neuro Exam","S05-Q5",1,4,"E09"
"C0095","06 Communication","S06-Q1",0,4,"E06"
"C0095","06 Communication","S06-Q2",0,4,"E08"
"C0095","06 Communication","S06-Q3",0,4,"E03"
"C0095","06 Communication","S06-Q4",0,4,"E06"
"C0095","06 Communication","S06-Q5",3,4,"E12"
"C0095","07 Prescribing","S07-Q1",0,4,"E10"
"C0095","07 Prescribing","S07-Q2",2,4,"E07"
"C0095","07 Prescribing","S07-Q3",0,4,"E06"
"C0095","07 Prescribing","S07-Q4",2,4,"E03"
"C0095","07 Prescribing","S07-Q5",1,4,"E11"
"C0095","08 Data Interp","S08-Q1",2,4,"E11"
"C0095","08 Data Interp","S08-Q2",1,4,"E08"
"C0095","08 Data Interp","S08-Q3",0,4,"E12"
"C0095","08 Data Interp","S08-Q4",1,4,"E09"
"C0095","08 Data Interp","S08-Q5",1,4,"E02"
"C0095","09 Practical Skills","S09-Q1",0,4,"E09"
"C0095","09 Practical Skills","S09-Q2",4,4,"E09"
"C0095","09 Practical Skills","S09-Q3",1,4,"E11"
"C0095","09 Practical Skills","S09-Q4",1,4,"E10"
"C0095","09 Practical Skills","S09-Q5",1,4,"E06"
"C0095","10 Ethics","S10-Q1",1,4,"E03"
"C0095","10 Ethics","S10-Q2",1,4,"E12"
"C0095","10 Ethics","S10-Q3",0,4,"E07"
"C0095","10 Ethics","S10-Q4",1,4,"E09"
"C0095","10 Ethics","S10-Q5",0,4,"E01"
"C0096","01 History Taking","S01-Q1",2,4,"E02"
"C0096","01 History Taking","S01-Q2",1,4,"E08"
"C0096","01 History Taking","S01-Q3",0,4,"E10"
"C0096","01 History Taking","S01-Q4",2,4,"E07"
"C0096","01 History Taking","S01-Q5",0,4,"E01"
"C0096","02 Cardio Exam","S02-Q1",1,4,"E08"
"C0096","02 Cardio Exam","S02-Q2",0,4,"E04"
"C0096","02 Cardio Exam","S02-Q3",3,4,"E09"
"C0096","02 Cardio Exam","S02-Q4",2,4,"E05"
"C0096","02 Cardio Exam","S02-Q5",0,4,"E05"
"C0096","03 Resp Exam","S03-Q1",0,4,"E06"
"C0096","03 Resp Exam","S03-Q2",2,4,"E10"
"C0096","03 Resp Exam","S03-Q3",1,4,"E04"
"C0096","03 Resp Exam","S03-Q4",0,4,"E09"
"C0096","03 Resp Exam","S03-Q5",0,4,"E10"
"C0096","04 Abdo Exam","S04-Q1",3,4,"E09"
"C0096","04 Abdo Exam","S04-Q2",3,4,"E05"
"C0096","04 Abdo Exam","S04-Q3",2,4,"E12"
"C0096","04 Abdo Exam","S04-Q4",3,4,"E12"
"C0096","04 Abdo Exam","S04-Q5",1,4,"E10"
"C0096","05 Neuro Exam","S05-Q1",3,4,"E03"
"C0096","05 Neuro Exam","S05-Q2",0,4,"E01"
"C0096","05 Neuro Exam","S05-Q3",3,4,"E04"
"C0096","05 Neuro Exam","S05-Q4",1,4,"E08"
"C0096","05 Neuro Exam","S05-Q5",2,4,"E08"
"C0096","06 Communication","S06-Q1",2,4,"E05"
"C0096","06 Communication","S06-Q2",4,4,"E08"
"C0096","06 Communication","S06-Q3",3,4,"E05"
"C0096","06 Communication","S06-Q4",0,4,"E07"
"C0096","06 Communication","S06-Q5",0,4,"E04"
"C0096","07 Prescribing","S07-Q1",2,4,"E07"
"C0096","07 Prescribing","S07-Q2",1,4,"E03"
"C0096","07 Prescribing","S07-Q3",0,4,"E06"
"C0096","07 Prescribing","S07-Q4",1,4,"E07"
"C0096","07 Prescribing","S07-Q5",1,4,"E08"
"C0096","08 Data Interp","S08-Q1",3,4,"E11"
"C0096","08 Data Interp","S08-Q2",0,4,"E11"
"C0096","08 Data Interp","S08-Q3",2,4,"E04"
"C0096","08 Data Interp","S08-Q4",3,4,"E09"
"C0096","08 Data Interp","S08-Q5",0,4,"E04"
"C0096","09 Practical Skills","S09-Q1",1,4,"E02"
"C0096","09 Practical Skills","S09-Q2",2,4,"E05"
"C0096","09 Practical Skills","S09-Q3",1,4,"E07"
"C0096","09 Practical Skills","S09-Q4",3,4,"E11"
"C0096","09 Practical Skills","S09-Q5",2,4,"E07"
"C0096","10 Ethics","S10-Q1",1,4,"E05"
"C0096","10 Ethics","S10-Q2",2,4,"E08"
"C0096","10 Ethics","S10-Q3",1,4,"E05"
"C0096","10 Ethics","S10-Q4",2,4,"E02"
"C0096","10 Ethics","S10-Q5",2,4,"E09"
"C0097","01 History Taking","S01-Q1",2,4,"E05"
"C0097","01 History Taking","S01-Q2",2,4,"E07"
"C0097","01 History Taking","S01-Q3",0,4,"E08"
"C0097","01 History Taking","S01-Q4",3,4,"E09"
"C0097","01 History Taking","S01-Q5",0,4,"E03"
"C0097","02 Cardio Exam","S02-Q1",0,4,"E11"
"C0097","02 Cardio Exam","S02-Q2",1,4,"E02"
"C0097","02 Cardio Exam","S02-Q3",2,4,"E12"
"C0097","02 Cardio Exam","S02-Q4",2,4,"E12"
"C0097","02 Cardio Exam","S02-Q5",4,4,"E08"
"C0097","03 Resp Exam","S03-Q1",0,4,"E10"
"C0097","03 Resp Exam","S03-Q2",1,4,"E09"
"C0097","03 Resp Exam","S03-Q3",1,4,"E09"
"C0097","03 Resp Exam","S03-Q4",1,4,"E02"
"C0097","03 Resp Exam","S03-Q5",0,4,"E11"
"C0097","04 Abdo Exam","S04-Q1",0,4,"E03"
"C0097","04 Abdo Exam","S04-Q2",1,4,"E04"
"C0097","04 Abdo Exam","S04-Q3",0,4,"E09"
"C0097","04 Abdo Exam","S04-Q4",2,4,"E09"
"C0097","04 Abdo Exam","S04-Q5",3,4,"E02"
"C0097","05 Neuro Exam","S05-Q1",0,4,"E04"
"C0097","05 Neuro Exam","S05-Q2",1,4,"E01"
"C0097","05 Neuro Exam","S05-Q3",1,4,"E03"
"C0097","05 Neuro Exam","S05-Q4",0,4,"E01"
"C0097","05 Neuro Exam","S05-Q5",2,4,"E01"
"C0097","06 Communication","S06-Q1",2,4,"E08"
"C0097","06 Communication","S06-Q2",0,4,"E04"
"C0097","06 Communication","S06-Q3",0,4,"E08"
"C0097","06 Communication","S06-Q4",1,4,"E10"
"C0097","06 Communication","S06-Q5",1,4,"E12"
"C0097","07 Prescribing","S07-Q1",1,4,"E11"
"C0097","07 Prescribing","S07-Q2",1,4,"E05"
"C0097","07 Prescribing","S07-Q3",1,4,"E03"
"C0097","07 Prescribing","S07-Q4",1,4,"E05"
"C0097","07 Prescribing","S07-Q5",1,4,"E11"
"C0097","08 Data Interp","S08-Q1",3,4,"E02"
"C0097","08 Data Interp","S08-Q2",0,4,"E03"
"C0097","08 Data Interp","S08-Q3",1,4,"E07"
"C0097","08 Data Interp","S08-Q4",2,4,"E01"
"C0097","08 Data Interp","S08-Q5",1,4,"E10"
"C0097","09 Practical Skills","S09-Q1",1,4,"E05"
"C0097","09 Practical Skills","S09-Q2",3,4,"E06"
"C0097","09 Practical Skills","S09-Q3",1,4,"E07"
"C0097","09 Practical Skills","S09-Q4",1,4,"E03"
"C0097","09 Practical Skills","S09-Q5",1,4,"E07"
"C0097","10 Ethics","S10-Q1",0,4,"E06"
"C0097","10 Ethics","S10-Q2",4,4,"E11"
"C0097","10 Ethics","S10-Q3",2,4,"E03"
"C0097","10 Ethics","S10-Q4",0,4,"E09"
"C0097","10 Ethics","S10-Q5",0,4,"E10"
"C0098","01 History Taking","S01-Q1",2,4,"E01"
"C0098","01 History Taking","S01-Q2",1,4,"E09"
"C0098","01 History Taking","S01-Q3",1,4,"E04"
"C0098","01 History Taking","S01-Q4",2,4,"E07"
"C0098","01 History Taking","S01-Q5",0,4,"E09"
"C0098","02 Cardio Exam","S02-Q1",1,4,"E12"
"C0098","02 Cardio Exam","S02-Q2",1,4,"E08"
"C0098","02 Cardio Exam","S02-Q3",0,4,"E05"
"C0098","02 Cardio Exam","S02-Q4",1,4,"E12"
"C0098","02 Cardio Exam","S02-Q5",1,4,"E05"
"C0098","03 Resp Exam","S03-Q1",0,4,"E08"
"C0098","03 Resp Exam","S03-Q2",3,4,"E03"
"C0098","03 Resp Exam","S03-Q3",1,4,"E02"
"C0098","03 Resp Exam","S03-Q4",1,4,"E07"
"C0098","03 Resp Exam","S03-Q5",0,4,"E08"
"C0098","04 Abdo Exam","S04-Q1",1,4,"E05"
"C0098","04 Abdo Exam","S04-Q2",1,4,"E11"
"C0098","04 Abdo Exam","S04-Q3",0,4,"E03"
"C0098","04 Abdo Exam","S04-Q4",0,4,"E11"
"C0098","04 Abdo Exam","S04-Q5",2,4,"E01"
"C0098","05 Neuro Exam","S05-Q1",0,4,"E05"
"C0098","05 Neuro Exam","S05-Q2",1,4,"E06"
"C0098","05 Neuro Exam","S05-Q3",2,4,"E04"
"C0098","05 Neuro Exam","S05-Q4",1,4,"E01"
"C0098","05 Neuro Exam","S05-Q5",2,4,"E09"
"C0098","06 Communication","S06-Q1",0,4,"E09"
"C0098","06 Communication","S06-Q2",0,4,"E03"
"C0098","06 Communication","S06-Q3",1,4,"E07"
"C0098","06 Communication","S06-Q4",1,4,"E03"
"C0098","06 Communication","S06-Q5",1,4,"E04"
"C0098","07 Prescribing","S07-Q1",3,4,"E05"
"C0098","07 Prescribing","S07-Q2",2,4,"E09"
"C0098","07 Prescribing","S07-Q3",0,4,"E01"
"C0098","07 Prescribing","S07-Q4",1,4,"E11"
"C0098","07 Prescribing","S07-Q5",3,4,"E08"
"C0098","08 Data Interp","S08-Q1",1,4,"E03"
"C0098","08 Data Interp","S08-Q2",1,4,"E04"
"C0098","08 Data Interp","S08-Q3",1,4,"E01"
"C0098","08 Data Interp","S08-Q4",0,4,"E02"
"C0098","08 Data Interp","S08-Q5",1,4,"E01"
"C0098","09 Practical Skills","S09-Q1",1,4,"E03"
"C0098","09 Practical Skills","S09-Q2",1,4,"E09"
"C0098","09 Practical Skills","S09-Q3",1,4,"E02"
"C0098","09 Practical Skills","S09-Q4",1,4,"E03"
"C0098","09 Practical Skills","S09-Q5",0,4,"E07"
"C0098","10 Ethics","S10-Q1",1,4,"E09"
"C0098","10 Ethics","S10-Q2",1,4,"E11"
"C0098","10 Ethics","S10-Q3",1,4,"E10"
"C0098","10 Ethics","S10-Q4",1,4,"E12"
"C0098","10 Ethics","S10-Q5",0,4,"E03"
"C0099","01 History Taking","S01-Q1",1,4,"E07"
"C0099","01 History Taking","S01-Q2",2,4,"E08"
"C0099","01 History Taking","S01-Q3",2,4,"E04"
"C0099","01 History Taking","S01-Q4",2,4,"E07"
"C0099","01 History Taking","S01-Q5",1,4,"E02"
"C0099","02 Cardio Exam","S02-Q1",4,4,"E10"
"C0099","02 Cardio Exam","S02-Q2",1,4,"E04"
"C0099","02 Cardio Exam","S02-Q3",4,4,"E06"
"C0099","02 Cardio Exam","S02-Q4",4,4,"E11"
"C0099","02 Cardio Exam","S02-Q5",3,4,"E05"
"C0099","03 Resp Exam","S03-Q1",0,4,"E10"
"C0099","03 Resp Exam","S03-Q2",3,4,"E08"
"C0099","03 Resp Exam","S03-Q3",2,4,"E06"
"C0099","03 Resp Exam","S03-Q4",2,4,"E04"
"C0099","03 Resp Exam","S03-Q5",0,4,"E03"
"C0099","04 Abdo Exam","S04-Q1",3,4,"E11"
"C0099","04 Abdo Exam","S04-Q2",3,4,"E01"
"C0099","04 Abdo Exam","S04-Q3",2,4,"E09"
"C0099","04 Abdo Exam","S04-Q4",2,4,"E02"
"C0099","04 Abdo Exam","S04-Q5",2,4,"E09"
"C0099","05 Neuro Exam","S05-Q1",2,4,"E06"
"C0099","05 Neuro Exam","S05-Q2",4,4,"E06"
"C0099","05 Neuro Exam","S05-Q3",3,4,"E04"
"C0099","05 Neuro Exam","S05-Q4",3,4,"E03"
"C0099","05 Neuro Exam","S05-Q5",3,4,"E01"
"C0099","06 Communication","S06-Q1",2,4,"E05"
"C0099","06 Communication","S06-Q2",1,4,"E12"
"C0099","06 Communication","S06-Q3",2,4,"E02"
"C0099","06 Communication","S06-Q4",4,4,"E06"
"C0099","06 Communication","S06-Q5",0,4,"E10"
"C0099","07 Prescribing","S07-Q1",2,4,"E12"
"C0099","07 Prescribing","S07-Q2",2,4,"E10"
"C0099","07 Prescribing","S07-Q3",1,4,"E04"
"C0099","07 Prescribing","S07-Q4",1,4,"E02"
"C0099","07 Prescribing","S07-Q5",2,4,"E09"
"C0099","08 Data Interp","S08-Q1",3,4,"E09"
"C0099","08 Data Interp","S08-Q2",1,4,"E11"
"C0099","08 Data Interp","S08-Q3",3,4,"E08"
"C0099","08 Data Interp","S08-Q4",3,4,"E05"
"C0099","08 Data Interp","S08-Q5",0,4,"E03"
"C0099","09 Practical Skills","S09-Q1",4,4,"E08"
"C0099","09 Practical Skills","S09-Q2",4,4,"E06"
"C0099","09 Practical Skills","S09-Q3",1,4,"E11"
"C0099","09 Practical Skills","S09-Q4",2,4,"E11"
"C0099","09 Practical Skills","S09-Q5",1,4,"E06"
"C0099","10 Ethics","S10-Q1",2,4,"E09"
"C0099","10 Ethics","S10-Q2",1,4,"E01"
"C0099","10 Ethics","S10-Q3",2,4,"E12"
"C0099","10 Ethics","S10-Q4",2,4,"E02"
"C0099","10 Ethics","S10-Q5",0,4,"E06"
"C0100","01 History Taking","S01-Q1",4,4,"E09"
"C0100","01 History Taking","S01-Q2",4,4,"E01"
"C0100","01 History Taking","S01-Q3",0,4,"E07"
"C0100","01 History Taking","S01-Q4",1,4,"E04"
"C0100","01 History Taking","S01-Q5",2,4,"E12"
"C0100","02 Cardio Exam","S02-Q1",2,4,"E02"
"C0100","02 Cardio Exam","S02-Q2",4,4,"E06"
"C0100","02 Cardio Exam","S02-Q3",4,4,"E11"
"C0100","02 Cardio Exam","S02-Q4",4,4,"E01"
"C0100","02 Cardio Exam","S02-Q5",2,4,"E03"
"C0100","03 Resp Exam","S03-Q1",4,4,"E05"
"C0100","03 Resp Exam","S03-Q2",3,4,"E03"
"C0100","03 Resp Exam","S03-Q3",4,4,"E03"
"C0100","03 Resp Exam","S03-Q4",1,4,"E04"
"C0100","03 Resp Exam","S03-Q5",4,4,"E05"
"C0100","04 Abdo Exam","S04-Q1",4,4,"E05"
"C0100","04 Abdo Exam","S04-Q2",3,4,"E11"
"C0100","04 Abdo Exam","S04-Q3",2,4,"E08"
"C0100","04 Abdo Exam","S04-Q4",3,4,"E09"
"C0100","04 Abdo Exam","S04-Q5",4,4,"E02"
"C0100","05 Neuro Exam","S05-Q1",3,4,"E06"
"C0100","05 Neuro Exam","S05-Q2",2,4,"E05"
"C0100","05 Neuro Exam","S05-Q3",3,4,"E01"
"C0100","05 Neuro Exam","S05-Q4",1,4,"E11"
"C0100","05 Neuro Exam","S05-Q5",3,4,"E11"
"C0100","06 Communication","S06-Q1",2,4,"E07"
"C0100","06 Communication","S06-Q2",1,4,"E05"
"C0100","06 Communication","S06-Q3",4,4,"E02"
"C0100","06 Communication","S06-Q4",4,4,"E12"
"C0100","06 Communication","S06-Q5",3,4,"E12"
"C0100","07 Prescribing","S07-Q1",3,4,"E06"
"C0100","07 Prescribing","S07-Q2",4,4,"E10"
"C0100","07 Prescribing","S07-Q3",0,4,"E12"
"C0100","07 Prescribing","S07-Q4",3,4,"E02"
"C0100","07 Prescribing","S07-Q5",1,4,"E08"
"C0100","08 Data Interp","S08-Q1",3,4,"E06"
"C0100","08 Data Interp","S08-Q2",3,4,"E09"
"C0100","08 Data Interp","S08-Q3",3,4,"E10"
"C0100","08 Data Interp","S08-Q4",4,4,"E10"
"C0100","08 Data Interp","S08-Q5",2,4,"E02"
"C0100","09 Practical Skills","S09-Q1",1,4,"E10"
"C0100","09 Practical Skills","S09-Q2",3,4,"E03"
"C0100","09 Practical Skills","S09-Q3",1,4,"E09"
"C0100","09 Practical Skills","S09-Q4",3,4,"E03"
"C0100","09 Practical Skills","S09-Q5",1,4,"E06"
"C0100","10 Ethics","S10-Q1",3,4,"E08"
"C0100","10 Ethics","S10-Q2",2,4,"E07"
"C0100","10 Ethics","S10-Q3",1,4,"E05"
"C0100","10 Ethics","S10-Q4",2,4,"E08"
"C0100","10 Ethics","S10-Q5",3,4,"E04"
"C0101","01 History Taking","S01-Q1",4,4,"E04"
"C0101","01 History Taking","S01-Q2",3,4,"E06"
"C0101","01 History Taking","S01-Q3",3,4,"E10"
"C0101","01 History Taking","S01-Q4",2,4,"E10"
"C0101","01 History Taking","S01-Q5",3,4,"E08"
"C0101","02 Cardio Exam","S02-Q1",4,4,"E01"
"C0101","02 Cardio Exam","S02-Q2",2,4,"E06"
"C0101","02 Cardio Exam","S02-Q3",4,4,"E06"
"C0101","02 Cardio Exam","S02-Q4",4,4,"E07"
"C0101","02 Cardio Exam","S02-Q5",2,4,"E11"
"C0101","03 Resp Exam","S03-Q1",3,4,"E03"
"C0101","03 Resp Exam","S03-Q2",2,4,"E03"
"C0101","03 Resp Exam","S03-Q3",2,4,"E03"
"C0101","03 Resp Exam","S03-Q4",2,4,"E12"
"C0101","03 Resp Exam","S03-Q5",0,4,"E02"
"C0101","04 Abdo Exam","S04-Q1",3,4,"E08"
"C0101","04 Abdo Exam","S04-Q2",2,4,"E05"
"C0101","04 Abdo Exam","S04-Q3",2,4,"E04"
"C0101","04 Abdo Exam","S04-Q4",2,4,"E07"
"C0101","04 Abdo Exam","S04-Q5",3,4,"E08"
"C0101","05 Neuro Exam","S05-Q1",2,4,"E10"
"C0101","05 Neuro Exam","S05-Q2",4,4,"E10"
"C0101","05 Neuro Exam","S05-Q3",4,4,"E04"
"C0101","05 Neuro Exam","S05-Q4",3,4,"E07"
"C0101","05 Neuro Exam","S05-Q5",3,4,"E01"
"C0101","06 Communication","S06-Q1",3,4,"E12"
"C0101","06 Communication","S06-Q2",2,4,"E10"
"C0101","06 Communication","S06-Q3",3,4,"E06"
"C0101","06 Communication","S06-Q4",3,4,"E01"
"C0101","06 Communication","S06-Q5",3,4,"E08"
"C0101","07 Prescribing","S07-Q1",4,4,"E08"
"C0101","07 Prescribing","S07-Q2",3,4,"E03"
"C0101","07 Prescribing","S07-Q3",1,4,"E01"
"C0101","07 Prescribing","S07-Q4",2,4,"E04"
"C0101","07 Prescribing","S07-Q5",4,4,"E01"
"C0101","08 Data Interp","S08-Q1",3,4,"E07"
"C0101","08 Data Interp","S08-Q2",4,4,"E09"
"C0101","08 Data Interp","S08-Q3",4,4,"E02"
"C0101","08 Data Interp","S08-Q4",3,4,"E09"
"C0101","08 Data Interp","S08-Q5",4,4,"E06"
"C0101","09 Practical Skills","S09-Q1",0,4,"E10"
"C0101","09 Practical Skills","S09-Q2",2,4,"E02"
"C0101","09 Practical Skills","S09-Q3",2,4,"E06"
"C0101","09 Practical Skills","S09-Q4",3,4,"E10"
"C0101","09 Practical Skills","S09-Q5",2,4,"E07"
"C0101","10 Ethics","S10-Q1",1,4,"E01"
"C0101","10 Ethics","S10-Q2",4,4,"E10"
"C0101","10 Ethics","S10-Q3",3,4,"E07"
"C0101","10 Ethics","S10-Q4",1,4,"E02"
"C0101","10 Ethics","S10-Q5",3,4,"E01"
"C0102","01 History Taking","S01-Q1",4,4,"E12"
"C0102","01 History Taking","S01-Q2",3,4,"E09"
"C0102","01 History Taking","S01-Q3",3,4,"E03"
"C0102","01 History Taking","S01-Q4",3,4,"E12"
"C0102","01 History Taking","S01-Q5",2,4,"E04"
"C0102","02 Cardio Exam","S02-Q1",3,4,"E11"
"C0102","02 Cardio Exam","S02-Q2",4,4,"E11"
"C0102","02 Cardio Exam","S02-Q3",4,4,"E02"
"C0102","02 Cardio Exam","S02-Q4",3,4,"E05"
"C0102","02 Cardio Exam","S02-Q5",3,4,"E10"
"C0102","03 Resp Exam","S03-Q1",3,4,"E08"
"C0102","03 Resp Exam","S03-Q2",3,4,"E06"
"C0102","03 Resp Exam","S03-Q3",4,4,"E06"
"C0102","03 Resp Exam","S03-Q4",3,4,"E04"
"C0102","03 Resp Exam","S03-Q5",4,4,"E05"
"C0102","04 Abdo Exam","S04-Q1",3,4,"E03"
"C0102","04 Abdo Exam","S04-Q2",4,4,"E07"
"C0102","04 Abdo Exam","S04-Q3",0,4,"E12"
"C0102","04 Abdo Exam","S04-Q4",1,4,"E04"
"C0102","04 Abdo Exam","S04-Q5",4,4,"E01"
"C0102","05 Neuro Exam","S05-Q1",2,4,"E11"
"C0102","05 Neuro Exam","S05-Q2",4,4,"E09"
"C0102","05 Neuro Exam","S05-Q3",2,4,"E02"
"C0102","05 Neuro Exam","S05-Q4",3,4,"E05"
"C0102","05 Neuro Exam","S05-Q5",4,4,"E11"
"C0102","06 Communication","S06-Q1",1,4,"E01"
"C0102","06 Communication","S06-Q2",3,4,"E08"
"C0102","06 Communication","S06-Q3",3,4,"E03"
"C0102","06 Communication","S06-Q4",1,4,"E09"
"C0102","06 Communication","S06-Q5",4,4,"E06"
"C0102","07 Prescribing","S07-Q1",1,4,"E05"
"C0102","07 Prescribing","S07-Q2",2,4,"E10"
"C0102","07 Prescribing","S07-Q3",2,4,"E10"
"C0102","07 Prescribing","S07-Q4",3,4,"E09"
"C0102","07 Prescribing","S07-Q5",4,4,"E02"
"C0102","08 Data Interp","S08-Q1",4,4,"E02"
"C0102","08 Data Interp","S08-Q2",2,4,"E05"
"C0102","08 Data Interp","S08-Q3",4,4,"E01"
"C0102","08 Data Interp","S08-Q4",2,4,"E01"
"C0102","08 Data Interp","S08-Q5",3,4,"E05"
"C0102","09 Practical Skills","S09-Q1",2,4,"E01"
"C0102","09 Practical Skills","S09-Q2",2,4,"E04"
"C0102","09 Practical Skills","S09-Q3",4,4,"E06"
"C0102","09 Practical Skills","S09-Q4",3,4,"E07"
"C0102","09 Practical Skills","S09-Q5",2,4,"E09"
"C0102","10 Ethics","S10-Q1",1,4,"E11"
"C0102","10 Ethics","S10-Q2",1,4,"E02"
"C0102","10 Ethics","S10-Q3",3,4,"E04"
"C0102","10 Ethics","S10-Q4",3,4,"E08"
"C0102","10 Ethics","S10-Q5",3,4,"E12"
"C0103","01 History Taking","S01-Q1",1,4,"E09"
"C0103","01 History Taking","S01-Q2",1,4,"E12"
"C0103","01 History Taking","S01-Q3",2,4,"E04"
"C0103","01 History Taking","S01-Q4",0,4,"E12"
"C0103","01 History Taking","S01-Q5",2,4,"E02"
"C0103","02 Cardio Exam","S02-Q1",2,4,"E01"
"C0103","02 Cardio Exam","S02-Q2",1,4,"E08"
"C0103","02 Cardio Exam","S02-Q3",3,4,"E02"
"C0103","02 Cardio Exam","S02-Q4",2,4,"E09"
"C0103","02 Cardio Exam","S02-Q5",1,4,"E06"
"C0103","03 Resp Exam","S03-Q1",0,4,"E04"
"C0103","03 Resp Exam","S03-Q2",0,4,"E03"
"C0103","03 Resp Exam","S03-Q3",0,4,"E08"
"C0103","03 Resp Exam","S03-Q4",0,4,"E04"
"C0103","03 Resp Exam","S03-Q5",2,4,"E09"
"C0103","04 Abdo Exam","S04-Q1",2,4,"E04"
"C0103","04 Abdo Exam","S04-Q2",2,4,"E02"
"C0103","04 Abdo Exam","S04-Q3",0,4,"E12"
"C0103","04 Abdo Exam","S04-Q4",1,4,"E12"
"C0103","04 Abdo Exam","S04-Q5",1,4,"E08"
"C0103","05 Neuro Exam","S05-Q1",1,4,"E08"
"C0103","05 Neuro Exam","S05-Q2",0,4,"E03"
"C0103","05 Neuro Exam","S05-Q3",1,4,"E02"
"C0103","05 Neuro Exam","S05-Q4",3,4,"E08"
"C0103","05 Neuro Exam","S05-Q5",3,4,"E10"
"C0103","06 Communication","S06-Q1",2,4,"E11"
"C0103","06 Communication","S06-Q2",1,4,"E07"
"C0103","06 Communication","S06-Q3",2,4,"E04"
"C0103","06 Communication","S06-Q4",0,4,"E01"
"C0103","06 Communication","S06-Q5",3,4,"E07"
"C0103","07 Prescribing","S07-Q1",1,4,"E06"
"C0103","07 Prescribing","S07-Q2",3,4,"E11"
"C0103","07 Prescribing","S07-Q3",0,4,"E01"
"C0103","07 Prescribing","S07-Q4",1,4,"E01"
"C0103","07 Prescribing","S07-Q5",1,4,"E05"
"C0103","08 Data Interp","S08-Q1",1,4,"E09"
"C0103","08 Data Interp","S08-Q2",1,4,"E05"
"C0103","08 Data Interp","S08-Q3",4,4,"E08"
"C0103","08 Data Interp","S08-Q4",3,4,"E12"
"C0103","08 Data Interp","S08-Q5",1,4,"E05"
"C0103","09 Practical Skills","S09-Q1",2,4,"E11"
"C0103","09 Practical Skills","S09-Q2",1,4,"E10"
"C0103","09 Practical Skills","S09-Q3",2,4,"E05"
"C0103","09 Practical Skills","S09-Q4",0,4,"E11"
"C0103","09 Practical Skills","S09-Q5",0,4,"E11"
"C0103","10 Ethics","S10-Q1",1,4,"E09"
"C0103","10 Ethics","S10-Q2",2,4,"E02"
"C0103","10 Ethics","S10-Q3",0,4,"E01"
"C0103","10 Ethics","S10-Q4",0,4,"E03"
"C0103","10 Ethics","S10-Q5",0,4,"E11"
"C0104","01 History Taking","S01-Q1",2,4,"E05"
"C0104","01 History Taking","S01-Q2",3,4,"E09"
"C0104","01 History Taking","S01-Q3",3,4,"E05"
"C0104","01 History Taking","S01-Q4",4,4,"E09"
"C0104","01 History Taking","S01-Q5",4,4,"E04"
"C0104","02 Cardio Exam","S02-Q1",3,4,"E12"
"C0104","02 Cardio Exam","S02-Q2",2,4,"E02"
"C0104","02 Cardio Exam","S02-Q3",3,4,"E12"
"C0104","02 Cardio Exam","S02-Q4",3,4,"E01"
"C0104","02 Cardio Exam","S02-Q5",4,4,"E08"
"C0104","03 Resp Exam","S03-Q1",1,4,"E08"
"C0104","03 Resp Exam","S03-Q2",4,4,"E01"
"C0104","03 Resp Exam","S03-Q3",4,4,"E01"
"C0104","03 Resp Exam","S03-Q4",4,4,"E05"
"C0104","03 Resp Exam","S03-Q5",3,4,"E04"
"C0104","04 Abdo Exam","S04-Q1",4,4,"E04"
"C0104","04 Abdo Exam","S04-Q2",4,4,"E04"
"C0104","04 Abdo Exam","S04-Q3",4,4,"E06"
"C0104","04 Abdo Exam","S04-Q4",4,4,"E06"
"C0104","04 Abdo Exam","S04-Q5",4,4,"E02"
"C0104","05 Neuro Exam","S05-Q1",3,4,"E08"
"C0104","05 Neuro Exam","S05-Q2",3,4,"E05"
"C0104","05 Neuro Exam","S05-Q3",4,4,"E04"
"C0104","05 Neuro Exam","S05-Q4",4,4,"E10"
"C0104","05 Neuro Exam","S05-Q5",3,4,"E06"
"C0104","06 Communication","S06-Q1",2,4,"E01"
"C0104","06 Communication","S06-Q2",4,4,"E05"
"C0104","06 Communication","S06-Q3",3,4,"E12"
"C0104","06 Communication","S06-Q4",4,4,"E05"
"C0104","06 Communication","S06-Q5",4,4,"E06"
"C0104","07 Prescribing","S07-Q1",4,4,"E10"
"C0104","07 Prescribing","S07-Q2",4,4,"E01"
"C0104","07 Prescribing","S07-Q3",1,4,"E01"
"C0104","07 Prescribing","S07-Q4",3,4,"E08"
"C0104","07 Prescribing","S07-Q5",3,4,"E06"
"C0104","08 Data Interp","S08-Q1",4,4,"E01"
"C0104","08 Data Interp","S08-Q2",4,4,"E03"
"C0104","08 Data Interp","S08-Q3",4,4,"E09"
"C0104","08 Data Interp","S08-Q4",2,4,"E05"
"C0104","08 Data Interp","S08-Q5",3,4,"E06"
"C0104","09 Practical Skills","S09-Q1",4,4,"E07"
"C0104","09 Practical Skills","S09-Q2",4,4,"E12"
"C0104","09 Practical Skills","S09-Q3",3,4,"E05"
"C0104","09 Practical Skills","S09-Q4",4,4,"E02"
"C0104","09 Practical Skills","S09-Q5",3,4,"E04"
"C0104","10 Ethics","S10-Q1",2,4,"E03"
"C0104","10 Ethics","S10-Q2",3,4,"E08"
"C0104","10 Ethics","S10-Q3",3,4,"E02"
"C0104","10 Ethics","S10-Q4",3,4,"E01"
"C0104","10 Ethics","S10-Q5",2,4,"E02"
"C0105","01 History Taking","S01-Q1",0,4,"E10"
"C0105","01 History Taking","S01-Q2",1,4,"E10"
"C0105","01 History Taking","S01-Q3",0,4,"E08"
"C0105","01 History Taking","S01-Q4",1,4,"E08"
"C0105","01 History Taking","S01-Q5",1,4,"E11"
"C0105","02 Cardio Exam","S02-Q1",1,4,"E08"
"C0105","02 Cardio Exam","S02-Q2",1,4,"E05"
"C0105","02 Cardio Exam","S02-Q3",1,4,"E08"
"C0105","02 Cardio Exam","S02-Q4",3,4,"E10"
"C0105","02 Cardio Exam","S02-Q5",3,4,"E04"
"C0105","03 Resp Exam","S03-Q1",3,4,"E10"
"C0105","03 Resp Exam","S03-Q2",3,4,"E01"
"C0105","03 Resp Exam","S03-Q3",1,4,"E07"
"C0105","03 Resp Exam","S03-Q4",0,4,"E11"
"C0105","03 Resp Exam","S03-Q5",2,4,"E02"
"C0105","04 Abdo Exam","S04-Q1",3,4,"E02"
"C0105","04 Abdo Exam","S04-Q2",1,4,"E05"
"C0105","04 Abdo Exam","S04-Q3",1,4,"E07"
"C0105","04 Abdo Exam","S04-Q4",1,4,"E12"
"C0105","04 Abdo Exam","S04-Q5",1,4,"E08"
"C0105","05 Neuro Exam","S05-Q1",1,4,"E07"
"C0105","05 Neuro Exam","S05-Q2",4,4,"E09"
"C0105","05 Neuro Exam","S05-Q3",2,4,"E04"
"C0105","05 Neuro Exam","S05-Q4",0,4,"E12"
"C0105","05 Neuro Exam","S05-Q5",3,4,"E02"
"C0105","06 Communication","S06-Q1",0,4,"E10"
"C0105","06 Communication","S06-Q2",3,4,"E04"
"C0105","06 Communication","S06-Q3",1,4,"E07"
"C0105","06 Communication","S06-Q4",0,4,"E05"
"C0105","06 Communication","S06-Q5",2,4,"E07"
"C0105","07 Prescribing","S07-Q1",2,4,"E08"
"C0105","07 Prescribing","S07-Q2",3,4,"E10"
"C0105","07 Prescribing","S07-Q3",0,4,"E06"
"C0105","07 Prescribing","S07-Q4",3,4,"E12"
"C0105","07 Prescribing","S07-Q5",3,4,"E11"
"C0105","08 Data Interp","S08-Q1",1,4,"E02"
"C0105","08 Data Interp","S08-Q2",1,4,"E08"
"C0105","08 Data Interp","S08-Q3",1,4,"E04"
"C0105","08 Data Interp","S08-Q4",0,4,"E08"
"C0105","08 Data Interp","S08-Q5",1,4,"E06"
"C0105","09 Practical Skills","S09-Q1",2,4,"E04"
"C0105","09 Practical Skills","S09-Q2",0,4,"E03"
"C0105","09 Practical Skills","S09-Q3",0,4,"E05"
"C0105","09 Practical Skills","S09-Q4",2,4,"E04"
"C0105","09 Practical Skills","S09-Q5",2,4,"E01"
"C0105","10 Ethics","S10-Q1",2,4,"E07"
"C0105","10 Ethics","S10-Q2",1,4,"E05"
"C0105","10 Ethics","S10-Q3",1,4,"E01"
"C0105","10 Ethics","S10-Q4",0,4,"E01"
"C0105","10 Ethics","S10-Q5",0,4,"E01"
"C0106","01 History Taking","S01-Q1",4,4,"E11"
"C0106","01 History Taking","S01-Q2",3,4,"E10"
"C0106","01 History Taking","S01-Q3",0,4,"E05"
"C0106","01 History Taking","S01-Q4",2,4,"E08"
"C0106","01 History Taking","S01-Q5",0,4,"E11"
"C0106","02 Cardio Exam","S02-Q1",3,4,"E12"
"C0106","02 Cardio Exam","S02-Q2",2,4,"E11"
"C0106","02 Cardio Exam","S02-Q3",3,4,"E06"
"C0106","02 Cardio Exam","S02-Q4",2,4,"E12"
"C0106","02 Cardio Exam","S02-Q5",3,4,"E07"
"C0106","03 Resp Exam","S03-Q1",3,4,"E08"
"C0106","03 Resp Exam","S03-Q2",4,4,"E12"
"C0106","03 Resp Exam","S03-Q3",1,4,"E12"
"C0106","03 Resp Exam","S03-Q4",2,4,"E07"
"C0106","03 Resp Exam","S03-Q5",2,4,"E06"
"C0106","04 Abdo Exam","S04-Q1",1,4,"E02"
"C0106","04 Abdo Exam","S04-Q2",0,4,"E06"
"C0106","04 Abdo Exam","S04-Q3",0,4,"E11"
"C0106","04 Abdo Exam","S04-Q4",4,4,"E02"
"C0106","04 Abdo Exam","S04-Q5",2,4,"E01"
"C0106","05 Neuro Exam","S05-Q1",1,4,"E08"
"C0106","05 Neuro Exam","S05-Q2",3,4,"E09"
"C0106","05 Neuro Exam","S05-Q3",1,4,"E06"
"C0106","05 Neuro Exam","S05-Q4",1,4,"E04"
"C0106","05 Neuro Exam","S05-Q5",3,4,"E12"
"C0106","06 Communication","S06-Q1",1,4,"E06"
"C0106","06 Communication","S06-Q2",2,4,"E12"
"C0106","06 Communication","S06-Q3",0,4,"E11"
"C0106","06 Communication","S06-Q4",3,4,"E05"
"C0106","06 Communication","S06-Q5",4,4,"E05"
"C0106","07 Prescribing","S07-Q1",4,4,"E10"
"C0106","07 Prescribing","S07-Q2",2,4,"E08"
"C0106","07 Prescribing","S07-Q3",1,4,"E03"
"C0106","07 Prescribing","S07-Q4",2,4,"E03"
"C0106","07 Prescribing","S07-Q5",1,4,"E02"
"C0106","08 Data Interp","S08-Q1",1,4,"E05"
"C0106","08 Data Interp","S08-Q2",4,4,"E05"
"C0106","08 Data Interp","S08-Q3",4,4,"E11"
"C0106","08 Data Interp","S08-Q4",1,4,"E09"
"C0106","08 Data Interp","S08-Q5",0,4,"E10"
"C0106","09 Practical Skills","S09-Q1",3,4,"E02"
"C0106","09 Practical Skills","S09-Q2",4,4,"E03"
"C0106","09 Practical Skills","S09-Q3",4,4,"E07"
"C0106","09 Practical Skills","S09-Q4",2,4,"E02"
"C0106","09 Practical Skills","S09-Q5",2,4,"E02"
"C0106","10 Ethics","S10-Q1",1,4,"E11"
"C0106","10 Ethics","S10-Q2",2,4,"E01"
"C0106","10 Ethics","S10-Q3",2,4,"E03"
"C0106","10 Ethics","S10-Q4",2,4,"E10"
"C0106","10 Ethics","S10-Q5",2,4,"E01"
"C0107","01 History Taking","S01-Q1",2,4,"E12"
"C0107","01 History Taking","S01-Q2",1,4,"E03"
"C0107","01 History Taking","S01-Q3",1,4,"E07"
"C0107","01 History Taking","S01-Q4",1,4,"E11"
"C0107","01 History Taking","S01-Q5",0,4,"E08"
"C0107","02 Cardio Exam","S02-Q1",1,4,"E09"
"C0107","02 Cardio Exam","S02-Q2",2,4,"E09"
"C0107","02 Cardio Exam","S02-Q3",3,4,"E12"
"C0107","02 Cardio Exam","S02-Q4",2,4,"E01"
"C0107","02 Cardio Exam","S02-Q5",2,4,"E01"
"C0107","03 Resp Exam","S03-Q1",1,4,"E02"
"C0107","03 Resp Exam","S03-Q2",3,4,"E04"
"C0107","03 Resp Exam","S03-Q3",1,4,"E04"
"C0107","03 Resp Exam","S03-Q4",0,4,"E09"
"C0107","03 Resp Exam","S03-Q5",3,4,"E03"
"C0107","04 Abdo Exam","S04-Q1",2,4,"E04"
"C0107","04 Abdo Exam","S04-Q2",1,4,"E01"
"C0107","04 Abdo Exam","S04-Q3",1,4,"E09"
"C0107","04 Abdo Exam","S04-Q4",2,4,"E10"
"C0107","04 Abdo Exam","S04-Q5",3,4,"E01"
"C0107","05 Neuro Exam","S05-Q1",2,4,"E07"
"C0107","05 Neuro Exam","S05-Q2",1,4,"E09"
"C0107","05 Neuro Exam","S05-Q3",1,4,"E09"
"C0107","05 Neuro Exam","S05-Q4",1,4,"E09"
"C0107","05 Neuro Exam","S05-Q5",1,4,"E04"
"C0107","06 Communication","S06-Q1",1,4,"E06"
"C0107","06 Communication","S06-Q2",0,4,"E03"
"C0107","06 Communication","S06-Q3",1,4,"E06"
"C0107","06 Communication","S06-Q4",2,4,"E07"
"C0107","06 Communication","S06-Q5",3,4,"E04"
"C0107","07 Prescribing","S07-Q1",2,4,"E09"
"C0107","07 Prescribing","S07-Q2",3,4,"E01"
"C0107","07 Prescribing","S07-Q3",0,4,"E10"
"C0107","07 Prescribing","S07-Q4",2,4,"E04"
"C0107","07 Prescribing","S07-Q5",3,4,"E03"
"C0107","08 Data Interp","S08-Q1",4,4,"E05"
"C0107","08 Data Interp","S08-Q2",2,4,"E04"
"C0107","08 Data Interp","S08-Q3",2,4,"E04"
"C0107","08 Data Interp","S08-Q4",3,4,"E07"
"C0107","08 Data Interp","S08-Q5",1,4,"E02"
"C0107","09 Practical Skills","S09-Q1",2,4,"E05"
"C0107","09 Practical Skills","S09-Q2",2,4,"E11"
"C0107","09 Practical Skills","S09-Q3",0,4,"E02"
"C0107","09 Practical Skills","S09-Q4",3,4,"E08"
"C0107","09 Practical Skills","S09-Q5",3,4,"E03"
"C0107","10 Ethics","S10-Q1",2,4,"E07"
"C0107","10 Ethics","S10-Q2",4,4,"E07"
"C0107","10 Ethics","S10-Q3",1,4,"E05"
"C0107","10 Ethics","S10-Q4",1,4,"E10"
"C0107","10 Ethics","S10-Q5",2,4,"E03"
"C0108","01 History Taking","S01-Q1",3,4,"E12"
"C0108","01 History Taking","S01-Q2",3,4,"E11"
"C0108","01 History Taking","S01-Q3",2,4,"E01"
"C0108","01 History Taking","S01-Q4",0,4,"E07"
"C0108","01 History Taking","S01-Q5",1,4,"E08"
"C0108","02 Cardio Exam","S02-Q1",2,4,"E11"
"C0108","02 Cardio Exam","S02-Q2",1,4,"E03"
"C0108","02 Cardio Exam","S02-Q3",2,4,"E07"
"C0108","02 Cardio Exam","S02-Q4",1,4,"E04"
"C0108","02 Cardio Exam","S02-Q5",1,4,"E10"
"C0108","03 Resp Exam","S03-Q1",1,4,"E11"
"C0108","03 Resp Exam","S03-Q2",2,4,"E09"
"C0108","03 Resp Exam","S03-Q3",2,4,"E03"
"C0108","03 Resp Exam","S03-Q4",3,4,"E01"
"C0108","03 Resp Exam","S03-Q5",2,4,"E04"
"C0108","04 Abdo Exam","S04-Q1",2,4,"E11"
"C0108","04 Abdo Exam","S04-Q2",0,4,"E05"
"C0108","04 Abdo Exam","S04-Q3",1,4,"E02"
"C0108","04 Abdo Exam","S04-Q4",1,4,"E06"
"C0108","04 Abdo Exam","S04-Q5",3,4,"E04"
"C0108","05 Neuro Exam","S05-Q1",3,4,"E08"
"C0108","05 Neuro Exam","S05-Q2",4,4,"E11"
"C0108","05 Neuro Exam","S05-Q3",2,4,"E12"
"C0108","05 Neuro Exam","S05-Q4",3,4,"E10"
"C0108","05 Neuro Exam","S05-Q5",1,4,"E09"
"C0108","06 Communication","S06-Q1",3,4,"E02"
"C0108","06 Communication","S06-Q2",4,4,"E10"
"C0108","06 Communication","S06-Q3",1,4,"E05"
"C0108","06 Communication","S06-Q4",1,4,"E04"
"C0108","06 Communication","S06-Q5",3,4,"E02"
"C0108","07 Prescribing","S07-Q1",4,4,"E12"
"C0108","07 Prescribing","S07-Q2",2,4,"E10"
"C0108","07 Prescribing","S07-Q3",0,4,"E10"
"C0108","07 Prescribing","S07-Q4",4,4,"E11"
"C0108","07 Prescribing","S07-Q5",2,4,"E12"
"C0108","08 Data Interp","S08-Q1",2,4,"E05"
"C0108","08 Data Interp","S08-Q2",2,4,"E06"
"C0108","08 Data Interp","S08-Q3",3,4,"E09"
"C0108","08 Data Interp","S08-Q4",1,4,"E02"
"C0108","08 Data Interp","S08-Q5",1,4,"E04"
"C0108","09 Practical Skills","S09-Q1",2,4,"E07"
"C0108","09 Practical Skills","S09-Q2",3,4,"E04"
"C0108","09 Practical Skills","S09-Q3",1,4,"E01"
"C0108","09 Practical Skills","S09-Q4",3,4,"E05"
"C0108","09 Practical Skills","S09-Q5",1,4,"E05"
"C0108","10 Ethics","S10-Q1",0,4,"E02"
"C0108","10 Ethics","S10-Q2",2,4,"E01"
"C0108","10 Ethics","S10-Q3",2,4,"E05"
"C0108","10 Ethics","S10-Q4",3,4,"E10"
"C0108","10 Ethics","S10-Q5",2,4,"E12"
"C0109","01 History Taking","S01-Q1",3,4,"E04"
"C0109","01 History Taking","S01-Q2",4,4,"E01"
"C0109","01 History Taking","S01-Q3",2,4,"E03"
"C0109","01 History Taking","S01-Q4",3,4,"E04"
"C0109","01 History Taking","S01-Q5",4,4,"E07"
"C0109","02 Cardio Exam","S02-Q1",3,4,"E03"
"C0109","02 Cardio Exam","S02-Q2",2,4,"E05"
"C0109","02 Cardio Exam","S02-Q3",3,4,"E01"
"C0109","02 Cardio Exam","S02-Q4",4,4,"E04"
"C0109","02 Cardio Exam","S02-Q5",2,4,"E07"
"C0109","03 Resp Exam","S03-Q1",1,4,"E06"
"C0109","03 Resp Exam","S03-Q2",0,4,"E08"
"C0109","03 Resp Exam","S03-Q3",1,4,"E09"
"C0109","03 Resp Exam","S03-Q4",0,4,"E02"
"C0109","03 Resp Exam","S03-Q5",0,4,"E01"
"C0109","04 Abdo Exam","S04-Q1",1,4,"E11"
"C0109","04 Abdo Exam","S04-Q2",3,4,"E09"
"C0109","04 Abdo Exam","S04-Q3",3,4,"E08"
"C0109","04 Abdo Exam","S04-Q4",3,4,"E03"
"C0109","04 Abdo Exam","S04-Q5",1,4,"E06"
"C0109","05 Neuro Exam","S05-Q1",2,4,"E04"
"C0109","05 Neuro Exam","S05-Q2",2,4,"E06"
"C0109","05 Neuro Exam","S05-Q3",3,4,"E06"
"C0109","05 Neuro Exam","S05-Q4",3,4,"E08"
"C0109","05 Neuro Exam","S05-Q5",3,4,"E01"
"C0109","06 Communication","S06-Q1",2,4,"E10"
"C0109","06 Communication","S06-Q2",3,4,"E06"
"C0109","06 Communication","S06-Q3",2,4,"E03"
"C0109","06 Communication","S06-Q4",3,4,"E04"
"C0109","06 Communication","S06-Q5",1,4,"E12"
"C0109","07 Prescribing","S07-Q1",4,4,"E12"
"C0109","07 Prescribing","S07-Q2",3,4,"E01"
"C0109","07 Prescribing","S07-Q3",0,4,"E03"
"C0109","07 Prescribing","S07-Q4",4,4,"E11"
"C0109","07 Prescribing","S07-Q5",2,4,"E03"
"C0109","08 Data Interp","S08-Q1",3,4,"E05"
"C0109","08 Data Interp","S08-Q2",2,4,"E03"
"C0109","08 Data Interp","S08-Q3",4,4,"E04"
"C0109","08 Data Interp","S08-Q4",3,4,"E10"
"C0109","08 Data Interp","S08-Q5",1,4,"E10"
"C0109","09 Practical Skills","S09-Q1",3,4,"E03"
"C0109","09 Practical Skills","S09-Q2",3,4,"E04"
"C0109","09 Practical Skills","S09-Q3",3,4,"E03"
"C0109","09 Practical Skills","S09-Q4",1,4,"E08"
"C0109","09 Practical Skills","S09-Q5",1,4,"E09"
"C0109","10 Ethics","S10-Q1",0,4,"E10"
"C0109","10 Ethics","S10-Q2",4,4,"E09"
"C0109","10 Ethics","S10-Q3",1,4,"E06"
"C0109","10 Ethics","S10-Q4",1,4,"E11"
"C0109","10 Ethics","S10-Q5",2,4,"E10"
"C0110","01 History Taking","S01-Q1",3,4,"E04"
"C0110","01 History Taking","S01-Q2",4,4,"E04"
"C0110","01 History Taking","S01-Q3",1,4,"E06"
"C0110","01 History Taking","S01-Q4",2,4,"E03"
"C0110","01 History Taking","S01-Q5",1,4,"E11"
"C0110","02 Cardio Exam","S02-Q1",3,4,"E04"
"C0110","02 Cardio Exam","S02-Q2",3,4,"E09"
"C0110","02 Cardio Exam","S02-Q3",4,4,"E01"
"C0110","02 Cardio Exam","S02-Q4",3,4,"E11"
"C0110","02 Cardio Exam","S02-Q5",3,4,"E12"
"C0110","03 Resp Exam","S03-Q1",3,4,"E03"
"C0110","03 Resp Exam","S03-Q2",2,4,"E06"
"C0110","03 Resp Exam","S03-Q3",4,4,"E04"
"C0110","03 Resp Exam","S03-Q4",0,4,"E03"
"C0110","03 Resp Exam","S03-Q5",0,4,"E10"
"C0110","04 Abdo Exam","S04-Q1",1,4,"E06"
"C0110","04 Abdo Exam","S04-Q2",2,4,"E10"
"C0110","04 Abdo Exam","S04-Q3",2,4,"E08"
"C0110","04 Abdo Exam","S04-Q4",2,4,"E01"
"C0110","04 Abdo Exam","S04-Q5",1,4,"E10"
"C0110","05 Neuro Exam","S05-Q1",4,4,"E05"
"C0110","05 Neuro Exam","S05-Q2",2,4,"E02"
"C0110","05 Neuro Exam","S05-Q3",3,4,"E04"
"C0110","05 Neuro Exam","S05-Q4",4,4,"E02"
"C0110","05 Neuro Exam","S05-Q5",3,4,"E09"
"C0110","06 Communication","S06-Q1",0,4,"E08"
"C0110","06 Communication","S06-Q2",4,4,"E07"
"C0110","06 Communication","S06-Q3",1,4,"E02"
"C0110","06 Communication","S06-Q4",3,4,"E11"
"C0110","06 Communication","S06-Q5",2,4,"E07"
"C0110","07 Prescribing","S07-Q1",3,4,"E01"
"C0110","07 Prescribing","S07-Q2",4,4,"E03"
"C0110","07 Prescribing","S07-Q3",0,4,"E09"
"C0110","07 Prescribing","S07-Q4",4,4,"E12"
"C0110","07 Prescribing","S07-Q5",1,4,"E06"
"C0110","08 Data Interp","S08-Q1",4,4,"E04"
"C0110","08 Data Interp","S08-Q2",2,4,"E07"
"C0110","08 Data Interp","S08-Q3",3,4,"E05"
"C0110","08 Data Interp","S08-Q4",3,4,"E05"
"C0110","08 Data Interp","S08-Q5",2,4,"E09"
"C0110","09 Practical Skills","S09-Q1",1,4,"E02"
"C0110","09 Practical Skills","S09-Q2",4,4,"E03"
"C0110","09 Practical Skills","S09-Q3",0,4,"E10"
"C0110","09 Practical Skills","S09-Q4",1,4,"E02"
"C0110","09 Practical Skills","S09-Q5",4,4,"E04"
"C0110","10 Ethics","S10-Q1",1,4,"E11"
"C0110","10 Ethics","S10-Q2",3,4,"E11"
"C0110","10 Ethics","S10-Q3",3,4,"E10"
"C0110","10 Ethics","S10-Q4",2,4,"E10"
"C0110","10 Ethics","S10-Q5",1,4,"E07"
"C0111","01 History Taking","S01-Q1",2,4,"E08"
"C0111","01 History Taking","S01-Q2",4,4,"E01"
"C0111","01 History Taking","S01-Q3",1,4,"E08"
"C0111","01 History Taking","S01-Q4",0,4,"E09"
"C0111","01 History Taking","S01-Q5",3,4,"E04"
"C0111","02 Cardio Exam","S02-Q1",3,4,"E10"
"C0111","02 Cardio Exam","S02-Q2",1,4,"E01"
"C0111","02 Cardio Exam","S02-Q3",4,4,"E09"
"C0111","02 Cardio Exam","S02-Q4",4,4,"E01"
"C0111","02 Cardio Exam","S02-Q5",2,4,"E05"
"C0111","03 Resp Exam","S03-Q1",3,4,"E11"
"C0111","03 Resp Exam","S03-Q2",1,4,"E04"
"C0111","03 Resp Exam","S03-Q3",3,4,"E08"
"C0111","03 Resp Exam","S03-Q4",2,4,"E05"
"C0111","03 Resp Exam","S03-Q5",1,4,"E07"
"C0111","04 Abdo Exam","S04-Q1",4,4,"E03"
"C0111","04 Abdo Exam","S04-Q2",3,4,"E10"
"C0111","04 Abdo Exam","S04-Q3",1,4,"E06"
"C0111","04 Abdo Exam","S04-Q4",3,4,"E03"
"C0111","04 Abdo Exam","S04-Q5",1,4,"E12"
"C0111","05 Neuro Exam","S05-Q1",1,4,"E11"
"C0111","05 Neuro Exam","S05-Q2",4,4,"E04"
"C0111","05 Neuro Exam","S05-Q3",0,4,"E12"
"C0111","05 Neuro Exam","S05-Q4",3,4,"E07"
"C0111","05 Neuro Exam","S05-Q5",2,4,"E05"
"C0111","06 Communication","S06-Q1",3,4,"E12"
"C0111","06 Communication","S06-Q2",2,4,"E09"
"C0111","06 Communication","S06-Q3",4,4,"E06"
"C0111","06 Communication","S06-Q4",3,4,"E04"
"C0111","06 Communication","S06-Q5",1,4,"E04"
"C0111","07 Prescribing","S07-Q1",2,4,"E02"
"C0111","07 Prescribing","S07-Q2",3,4,"E10"
"C0111","07 Prescribing","S07-Q3",0,4,"E05"
"C0111","07 Prescribing","S07-Q4",3,4,"E05"
"C0111","07 Prescribing","S07-Q5",2,4,"E11"
"C0111","08 Data Interp","S08-Q1",1,4,"E05"
"C0111","08 Data Interp","S08-Q2",3,4,"E03"
"C0111","08 Data Interp","S08-Q3",1,4,"E05"
"C0111","08 Data Interp","S08-Q4",0,4,"E07"
"C0111","08 Data Interp","S08-Q5",4,4,"E09"
"C0111","09 Practical Skills","S09-Q1",4,4,"E01"
"C0111","09 Practical Skills","S09-Q2",4,4,"E01"
"C0111","09 Practical Skills","S09-Q3",4,4,"E07"
"C0111","09 Practical Skills","S09-Q4",1,4,"E06"
"C0111","09 Practical Skills","S09-Q5",2,4,"E12"
"C0111","10 Ethics","S10-Q1",1,4,"E05"
"C0111","10 Ethics","S10-Q2",3,4,"E03"
"C0111","10 Ethics","S10-Q3",2,4,"E01"
"C0111","10 Ethics","S10-Q4",4,4,"E10"
"C0111","10 Ethics","S10-Q5",2,4,"E01"
"C0112","01 History Taking","S01-Q1",2,4,"E03"
"C0112","01 History Taking","S01-Q2",1,4,"E03"
"C0112","01 History Taking","S01-Q3",0,4,"E03"
"C0112","01 History Taking","S01-Q4",2,4,"E09"
"C0112","01 History Taking","S01-Q5",0,4,"E04"
"C0112","02 Cardio Exam","S02-Q1",1,4,"E12"
"C0112","02 Cardio Exam","S02-Q2",3,4,"E12"
"C0112","02 Cardio Exam","S02-Q3",2,4,"E03"
"C0112","02 Cardio Exam","S02-Q4",3,4,"E04"
"C0112","02 Cardio Exam","S02-Q5",2,4,"E08"
"C0112","03 Resp Exam","S03-Q1",4,4,"E12"
"C0112","03 Resp Exam","S03-Q2",3,4,"E04"
"C0112","03 Resp Exam","S03-Q3",1,4,"E01"
"C0112","03 Resp Exam","S03-Q4",1,4,"E01"
"C0112","03 Resp Exam","S03-Q5",0,4,"E10"
"C0112","04 Abdo Exam","S04-Q1",0,4,"E02"
"C0112","04 Abdo Exam","S04-Q2",2,4,"E03"
"C0112","04 Abdo Exam","S04-Q3",2,4,"E12"
"C0112","04 Abdo Exam","S04-Q4",3,4,"E01"
"C0112","04 Abdo Exam","S04-Q5",2,4,"E09"
"C0112","05 Neuro Exam","S05-Q1",1,4,"E08"
"C0112","05 Neuro Exam","S05-Q2",2,4,"E11"
"C0112","05 Neuro Exam","S05-Q3",3,4,"E10"
"C0112","05 Neuro Exam","S05-Q4",2,4,"E04"
"C0112","05 Neuro Exam","S05-Q5",1,4,"E06"
"C0112","06 Communication","S06-Q1",4,4,"E09"
"C0112","06 Communication","S06-Q2",4,4,"E11"
"C0112","06 Communication","S06-Q3",2,4,"E05"
"C0112","06 Communication","S06-Q4",3,4,"E08"
"C0112","06 Communication","S06-Q5",2,4,"E10"
"C0112","07 Prescribing","S07-Q1",3,4,"E07"
"C0112","07 Prescribing","S07-Q2",4,4,"E08"
"C0112","07 Prescribing","S07-Q3",0,4,"E10"
"C0112","07 Prescribing","S07-Q4",2,4,"E01"
"C0112","07 Prescribing","S07-Q5",3,4,"E07"
"C0112","08 Data Interp","S08-Q1",4,4,"E07"
"C0112","08 Data Interp","S08-Q2",2,4,"E03"
"C0112","08 Data Interp","S08-Q3",1,4,"E05"
"C0112","08 Data Interp","S08-Q4",4,4,"E01"
"C0112","08 Data Interp","S08-Q5",1,4,"E07"
"C0112","09 Practical Skills","S09-Q1",2,4,"E10"
"C0112","09 Practical Skills","S09-Q2",2,4,"E02"
"C0112","09 Practical Skills","S09-Q3",2,4,"E08"
"C0112","09 Practical Skills","S09-Q4",0,4,"E07"
"C0112","09 Practical Skills","S09-Q5",1,4,"E12"
"C0112","10 Ethics","S10-Q1",2,4,"E01"
"C0112","10 Ethics","S10-Q2",2,4,"E03"
"C0112","10 Ethics","S10-Q3",2,4,"E05"
"C0112","10 Ethics","S10-Q4",2,4,"E12"
"C0112","10 Ethics","S10-Q5",4,4,"E02"
"C0113","01 History Taking","S01-Q1",2,4,"E07"
"C0113","01 History Taking","S01-Q2",2,4,"E03"
"C0113","01 History Taking","S01-Q3",1,4,"E03"
"C0113","01 History Taking","S01-Q4",2,4,"E01"
"C0113","01 History Taking","S01-Q5",1,4,"E10"
"C0113","02 Cardio Exam","S02-Q1",1,4,"E09"
"C0113","02 Cardio Exam","S02-Q2",3,4,"E01"
"C0113","02 Cardio Exam","S02-Q3",1,4,"E08"
"C0113","02 Cardio Exam","S02-Q4",1,4,"E03"
"C0113","02 Cardio Exam","S02-Q5",3,4,"E04"
"C0113","03 Resp Exam","S03-Q1",1,4,"E02"
"C0113","03 Resp Exam","S03-Q2",4,4,"E04"
"C0113","03 Resp Exam","S03-Q3",1,4,"E12"
"C0113","03 Resp Exam","S03-Q4",1,4,"E08"
"C0113","03 Resp Exam","S03-Q5",2,4,"E07"
"C0113","04 Abdo Exam","S04-Q1",0,4,"E03"
"C0113","04 Abdo Exam","S04-Q2",1,4,"E02"
"C0113","04 Abdo Exam","S04-Q3",1,4,"E04"
"C0113","04 Abdo Exam","S04-Q4",2,4,"E06"
"C0113","04 Abdo Exam","S04-Q5",2,4,"E05"
"C0113","05 Neuro Exam","S05-Q1",2,4,"E10"
"C0113","05 Neuro Exam","S05-Q2",2,4,"E04"
"C0113","05 Neuro Exam","S05-Q3",0,4,"E04"
"C0113","05 Neuro Exam","S05-Q4",2,4,"E11"
"C0113","05 Neuro Exam","S05-Q5",4,4,"E04"
"C0113","06 Communication","S06-Q1",4,4,"E10"
"C0113","06 Communication","S06-Q2",1,4,"E04"
"C0113","06 Communication","S06-Q3",2,4,"E11"
"C0113","06 Communication","S06-Q4",1,4,"E11"
"C0113","06 Communication","S06-Q5",3,4,"E07"
"C0113","07 Prescribing","S07-Q1",2,4,"E03"
"C0113","07 Prescribing","S07-Q2",2,4,"E07"
"C0113","07 Prescribing","S07-Q3",0,4,"E12"
"C0113","07 Prescribing","S07-Q4",2,4,"E02"
"C0113","07 Prescribing","S07-Q5",2,4,"E02"
"C0113","08 Data Interp","S08-Q1",3,4,"E09"
"C0113","08 Data Interp","S08-Q2",1,4,"E11"
"C0113","08 Data Interp","S08-Q3",4,4,"E11"
"C0113","08 Data Interp","S08-Q4",3,4,"E04"
"C0113","08 Data Interp","S08-Q5",1,4,"E09"
"C0113","09 Practical Skills","S09-Q1",2,4,"E02"
"C0113","09 Practical Skills","S09-Q2",2,4,"E11"
"C0113","09 Practical Skills","S09-Q3",1,4,"E01"
"C0113","09 Practical Skills","S09-Q4",2,4,"E04"
"C0113","09 Practical Skills","S09-Q5",3,4,"E01"
"C0113","10 Ethics","S10-Q1",3,4,"E01"
"C0113","10 Ethics","S10-Q2",2,4,"E11"
"C0113","10 Ethics","S10-Q3",0,4,"E06"
"C0113","10 Ethics","S10-Q4",2,4,"E05"
"C0113","10 Ethics","S10-Q5",0,4,"E07"
"C0114","01 History Taking","S01-Q1",3,4,"E05"
"C0114","01 History Taking","S01-Q2",1,4,"E09"
"C0114","01 History Taking","S01-Q3",2,4,"E08"
"C0114","01 History Taking","S01-Q4",3,4,"E04"
"C0114","01 History Taking","S01-Q5",3,4,"E10"
"C0114","02 Cardio Exam","S02-Q1",1,4,"E08"
"C0114","02 Cardio Exam","S02-Q2",3,4,"E08"
"C0114","02 Cardio Exam","S02-Q3",4,4,"E11"
"C0114","02 Cardio Exam","S02-Q4",2,4,"E06"
"C0114","02 Cardio Exam","S02-Q5",3,4,"E11"
"C0114","03 Resp Exam","S03-Q1",1,4,"E06"
"C0114","03 Resp Exam","S03-Q2",1,4,"E06"
"C0114","03 Resp Exam","S03-Q3",1,4,"E05"
"C0114","03 Resp Exam","S03-Q4",0,4,"E05"
"C0114","03 Resp Exam","S03-Q5",1,4,"E09"
"C0114","04 Abdo Exam","S04-Q1",2,4,"E05"
"C0114","04 Abdo Exam","S04-Q2",1,4,"E10"
"C0114","04 Abdo Exam","S04-Q3",3,4,"E04"
"C0114","04 Abdo Exam","S04-Q4",2,4,"E06"
"C0114","04 Abdo Exam","S04-Q5",4,4,"E01"
"C0114","05 Neuro Exam","S05-Q1",2,4,"E01"
"C0114","05 Neuro Exam","S05-Q2",0,4,"E08"
"C0114","05 Neuro Exam","S05-Q3",1,4,"E09"
"C0114","05 Neuro Exam","S05-Q4",0,4,"E09"
"C0114","05 Neuro Exam","S05-Q5",2,4,"E11"
"C0114","06 Communication","S06-Q1",1,4,"E07"
"C0114","06 Communication","S06-Q2",2,4,"E05"
"C0114","06 Communication","S06-Q3",3,4,"E10"
"C0114","06 Communication","S06-Q4",3,4,"E10"
"C0114","06 Communication","S06-Q5",2,4,"E04"
"C0114","07 Prescribing","S07-Q1",2,4,"E09"
"C0114","07 Prescribing","S07-Q2",1,4,"E05"
"C0114","07 Prescribing","S07-Q3",0,4,"E06"
"C0114","07 Prescribing","S07-Q4",2,4,"E07"
"C0114","07 Prescribing","S07-Q5",1,4,"E07"
"C0114","08 Data Interp","S08-Q1",2,4,"E03"
"C0114","08 Data Interp","S08-Q2",2,4,"E09"
"C0114","08 Data Interp","S08-Q3",1,4,"E03"
"C0114","08 Data Interp","S08-Q4",1,4,"E01"
"C0114","08 Data Interp","S08-Q5",2,4,"E07"
"C0114","09 Practical Skills","S09-Q1",2,4,"E11"
"C0114","09 Practical Skills","S09-Q2",4,4,"E10"
"C0114","09 Practical Skills","S09-Q3",3,4,"E03"
"C0114","09 Practical Skills","S09-Q4",1,4,"E09"
"C0114","09 Practical Skills","S09-Q5",1,4,"E09"
"C0114","10 Ethics","S10-Q1",1,4,"E06"
"C0114","10 Ethics","S10-Q2",1,4,"E04"
"C0114","10 Ethics","S10-Q3",1,4,"E11"
"C0114","10 Ethics","S10-Q4",2,4,"E06"
"C0114","10 Ethics","S10-Q5",0,4,"E06"
"C0115","01 History Taking","S01-Q1",3,4,"E02"
"C0115","01 History Taking","S01-Q2",0,4,"E09"
"C0115","01 History Taking","S01-Q3",1,4,"E09"
"C0115","01 History Taking","S01-Q4",1,4,"E06"
"C0115","01 History Taking","S01-Q5",1,4,"E01"
"C0115","02 Cardio Exam","S02-Q1",2,4,"E07"
"C0115","02 Cardio Exam","S02-Q2",0,4,"E12"
"C0115","02 Cardio Exam","S02-Q3",0,4,"E11"
"C0115","02 Cardio Exam","S02-Q4",0,4,"E11"
"C0115","02 Cardio Exam","S02-Q5",2,4,"E04"
"C0115","03 Resp Exam","S03-Q1",3,4,"E02"
"C0115","03 Resp Exam","S03-Q2",0,4,"E05"
"C0115","03 Resp Exam","S03-Q3",1,4,"E12"
"C0115","03 Resp Exam","S03-Q4",0,4,"E06"
"C0115","03 Resp Exam","S03-Q5",1,4,"E03"
"C0115","04 Abdo Exam","S04-Q1",1,4,"E02"
"C0115","04 Abdo Exam","S04-Q2",0,4,"E04"
"C0115","04 Abdo Exam","S04-Q3",1,4,"E09"
"C0115","04 Abdo Exam","S04-Q4",3,4,"E04"
"C0115","04 Abdo Exam","S04-Q5",1,4,"E06"
"C0115","05 Neuro Exam","S05-Q1",1,4,"E01"
"C0115","05 Neuro Exam","S05-Q2",1,4,"E04"
"C0115","05 Neuro Exam","S05-Q3",2,4,"E01"
"C0115","05 Neuro Exam","S05-Q4",0,4,"E01"
"C0115","05 Neuro Exam","S05-Q5",1,4,"E01"
"C0115","06 Communication","S06-Q1",0,4,"E05"
"C0115","06 Communication","S06-Q2",1,4,"E07"
"C0115","06 Communication","S06-Q3",1,4,"E12"
"C0115","06 Communication","S06-Q4",0,4,"E03"
"C0115","06 Communication","S06-Q5",2,4,"E11"
"C0115","07 Prescribing","S07-Q1",1,4,"E01"
"C0115","07 Prescribing","S07-Q2",1,4,"E03"
"C0115","07 Prescribing","S07-Q3",0,4,"E06"
"C0115","07 Prescribing","S07-Q4",1,4,"E08"
"C0115","07 Prescribing","S07-Q5",2,4,"E02"
"C0115","08 Data Interp","S08-Q1",0,4,"E09"
"C0115","08 Data Interp","S08-Q2",1,4,"E03"
"C0115","08 Data Interp","S08-Q3",2,4,"E05"
"C0115","08 Data Interp","S08-Q4",3,4,"E08"
"C0115","08 Data Interp","S08-Q5",1,4,"E05"
"C0115","09 Practical Skills","S09-Q1",0,4,"E02"
"C0115","09 Practical Skills","S09-Q2",1,4,"E08"
"C0115","09 Practical Skills","S09-Q3",3,4,"E09"
"C0115","09 Practical Skills","S09-Q4",1,4,"E03"
"C0115","09 Practical Skills","S09-Q5",3,4,"E01"
"C0115","10 Ethics","S10-Q1",1,4,"E11"
"C0115","10 Ethics","S10-Q2",1,4,"E08"
"C0115","10 Ethics","S10-Q3",1,4,"E07"
"C0115","10 Ethics","S10-Q4",0,4,"E08"
"C0115","10 Ethics","S10-Q5",0,4,"E07"
"C0116","01 History Taking","S01-Q1",3,4,"E09"
"C0116","01 History Taking","S01-Q2",2,4,"E05"
"C0116","01 History Taking","S01-Q3",3,4,"E09"
"C0116","01 History Taking","S01-Q4",4,4,"E07"
"C0116","01 History Taking","S01-Q5",1,4,"E06"
"C0116","02 Cardio Exam","S02-Q1",1,4,"E02"
"C0116","02 Cardio Exam","S02-Q2",2,4,"E04"
"C0116","02 Cardio Exam","S02-Q3",3,4,"E09"
"C0116","02 Cardio Exam","S02-Q4",3,4,"E11"
"C0116","02 Cardio Exam","S02-Q5",2,4,"E01"
"C0116","03 Resp Exam","S03-Q1",0,4,"E10"
"C0116","03 Resp Exam","S03-Q2",1,4,"E07"
"C0116","03 Resp Exam","S03-Q3",2,4,"E03"
"C0116","03 Resp Exam","S03-Q4",0,4,"E01"
"C0116","03 Resp Exam","S03-Q5",1,4,"E03"
"C0116","04 Abdo Exam","S04-Q1",3,4,"E08"
"C0116","04 Abdo Exam","S04-Q2",4,4,"E01"
"C0116","04 Abdo Exam","S04-Q3",0,4,"E08"
"C0116","04 Abdo Exam","S04-Q4",2,4,"E09"
"C0116","04 Abdo Exam","S04-Q5",3,4,"E07"
"C0116","05 Neuro Exam","S05-Q1",0,4,"E07"
"C0116","05 Neuro Exam","S05-Q2",3,4,"E02"
"C0116","05 Neuro Exam","S05-Q3",1,4,"E11"
"C0116","05 Neuro Exam","S05-Q4",3,4,"E02"
"C0116","05 Neuro Exam","S05-Q5",2,4,"E12"
"C0116","06 Communication","S06-Q1",3,4,"E10"
"C0116","06 Communication","S06-Q2",3,4,"E02"
"C0116","06 Communication","S06-Q3",1,4,"E08"
"C0116","06 Communication","S06-Q4",0,4,"E05"
"C0116","06 Communication","S06-Q5",3,4,"E04"
"C0116","07 Prescribing","S07-Q1",1,4,"E07"
"C0116","07 Prescribing","S07-Q2",4,4,"E03"
"C0116","07 Prescribing","S07-Q3",0,4,"E08"
"C0116","07 Prescribing","S07-Q4",2,4,"E07"
"C0116","07 Prescribing","S07-Q5",3,4,"E10"
"C0116","08 Data Interp","S08-Q1",2,4,"E01"
"C0116","08 Data Interp","S08-Q2",3,4,"E07"
"C0116","08 Data Interp","S08-Q3",4,4,"E07"
"C0116","08 Data Interp","S08-Q4",1,4,"E03"
"C0116","08 Data Interp","S08-Q5",3,4,"E11"
"C0116","09 Practical Skills","S09-Q1",4,4,"E09"
"C0116","09 Practical Skills","S09-Q2",3,4,"E03"
"C0116","09 Practical Skills","S09-Q3",2,4,"E02"
"C0116","09 Practical Skills","S09-Q4",3,4,"E04"
"C0116","09 Practical Skills","S09-Q5",1,4,"E06"
"C0116","10 Ethics","S10-Q1",0,4,"E04"
"C0116","10 Ethics","S10-Q2",0,4,"E10"
"C0116","10 Ethics","S10-Q3",1,4,"E05"
"C0116","10 Ethics","S10-Q4",4,4,"E10"
"C0116","10 Ethics","S10-Q5",1,4,"E11"
"C0117","01 History Taking","S01-Q1",3,4,"E03"
"C0117","01 History Taking","S01-Q2",3,4,"E08"
"C0117","01 History Taking","S01-Q3",2,4,"E12"
"C0117","01 History Taking","S01-Q4",2,4,"E04"
"C0117","01 History Taking","S01-Q5",1,4,"E07"
"C0117","02 Cardio Exam","S02-Q1",2,4,"E07"
"C0117","02 Cardio Exam","S02-Q2",4,4,"E03"
"C0117","02 Cardio Exam","S02-Q3",4,4,"E02"
"C0117","02 Cardio Exam","S02-Q4",3,4,"E04"
"C0117","02 Cardio Exam","S02-Q5",0,4,"E12"
"C0117","03 Resp Exam","S03-Q1",0,4,"E09"
"C0117","03 Resp Exam","S03-Q2",1,4,"E10"
"C0117","03 Resp Exam","S03-Q3",1,4,"E02"
"C0117","03 Resp Exam","S03-Q4",2,4,"E06"
"C0117","03 Resp Exam","S03-Q5",1,4,"E03"
"C0117","04 Abdo Exam","S04-Q1",2,4,"E07"
"C0117","04 Abdo Exam","S04-Q2",4,4,"E12"
"C0117","04 Abdo Exam","S04-Q3",1,4,"E11"
"C0117","04 Abdo Exam","S04-Q4",1,4,"E07"
"C0117","04 Abdo Exam","S04-Q5",2,4,"E08"
"C0117","05 Neuro Exam","S05-Q1",1,4,"E01"
"C0117","05 Neuro Exam","S05-Q2",2,4,"E09"
"C0117","05 Neuro Exam","S05-Q3",1,4,"E05"
"C0117","05 Neuro Exam","S05-Q4",3,4,"E09"
"C0117","05 Neuro Exam","S05-Q5",1,4,"E11"
"C0117","06 Communication","S06-Q1",0,4,"E12"
"C0117","06 Communication","S06-Q2",1,4,"E03"
"C0117","06 Communication","S06-Q3",4,4,"E07"
"C0117","06 Communication","S06-Q4",1,4,"E04"
"C0117","06 Communication","S06-Q5",3,4,"E03"
"C0117","07 Prescribing","S07-Q1",3,4,"E03"
"C0117","07 Prescribing","S07-Q2",3,4,"E04"
"C0117","07 Prescribing","S07-Q3",0,4,"E01"
"C0117","07 Prescribing","S07-Q4",1,4,"E08"
"C0117","07 Prescribing","S07-Q5",1,4,"E10"
"C0117","08 Data Interp","S08-Q1",3,4,"E10"
"C0117","08 Data Interp","S08-Q2",1,4,"E10"
"C0117","08 Data Interp","S08-Q3",0,4,"E05"
"C0117","08 Data Interp","S08-Q4",2,4,"E11"
"C0117","08 Data Interp","S08-Q5",1,4,"E11"
"C0117","09 Practical Skills","S09-Q1",2,4,"E07"
"C0117","09 Practical Skills","S09-Q2",2,4,"E01"
"C0117","09 Practical Skills","S09-Q3",0,4,"E08"
"C0117","09 Practical Skills","S09-Q4",1,4,"E06"
"C0117","09 Practical Skills","S09-Q5",3,4,"E06"
"C0117","10 Ethics","S10-Q1",2,4,"E09"
"C0117","10 Ethics","S10-Q2",1,4,"E08"
"C0117","10 Ethics","S10-Q3",2,4,"E02"
"C0117","10 Ethics","S10-Q4",1,4,"E06"
"C0117","10 Ethics","S10-Q5",2,4,"E03"
"C0118","01 History Taking","S01-Q1",4,4,"E08"
"C0118","01 History Taking","S01-Q2",4,4,"E11"
"C0118","01 History Taking","S01-Q3",4,4,"E12"
"C0118","01 History Taking","S01-Q4",4,4,"E09"
"C0118","01 History Taking","S01-Q5",3,4,"E01"
"C0118","02 Cardio Exam","S02-Q1",4,4,"E04"
"C0118","02 Cardio Exam","S02-Q2",3,4,"E09"
"C0118","02 Cardio Exam","S02-Q3",4,4,"E06"
"C0118","02 Cardio Exam","S02-Q4",4,4,"E09"
"C0118","02 Cardio Exam","S02-Q5",4,4,"E12"
"C0118","03 Resp Exam","S03-Q1",4,4,"E12"
"C0118","03 Resp Exam","S03-Q2",4,4,"E08"
"C0118","03 Resp Exam","S03-Q3",4,4,"E12"
"C0118","03 Resp Exam","S03-Q4",4,4,"E02"
"C0118","03 Resp Exam","S03-Q5",4,4,"E10"
"C0118","04 Abdo Exam","S04-Q1",4,4,"E04"
"C0118","04 Abdo Exam","S04-Q2",4,4,"E08"
"C0118","04 Abdo Exam","S04-Q3",4,4,"E04"
"C0118","04 Abdo Exam","S04-Q4",3,4,"E05"
"C0118","04 Abdo Exam","S04-Q5",4,4,"E05"
"C0118","05 Neuro Exam","S05-Q1",3,4,"E09"
"C0118","05 Neuro Exam","S05-Q2",4,4,"E08"
"C0118","05 Neuro Exam","S05-Q3",4,4,"E12"
"C0118","05 Neuro Exam","S05-Q4",4,4,"E09"
"C0118","05 Neuro Exam","S05-Q5",4,4,"E05"
"C0118","06 Communication","S06-Q1",4,4,"E08"
"C0118","06 Communication","S06-Q2",3,4,"E12"
"C0118","06 Communication","S06-Q3",4,4,"E08"
"C0118","06 Communication","S06-Q4",4,4,"E02"
"C0118","06 Communication","S06-Q5",4,4,"E11"
"C0118","07 Prescribing","S07-Q1",2,4,"E12"
"C0118","07 Prescribing","S07-Q2",4,4,"E10"
"C0118","07 Prescribing","S07-Q3",1,4,"E10"
"C0118","07 Prescribing","S07-Q4",4,4,"E01"
"C0118","07 Prescribing","S07-Q5",4,4,"E02"
"C0118","08 Data Interp","S08-Q1",4,4,"E01"
"C0118","08 Data Interp","S08-Q2",3,4,"E07"
"C0118","08 Data Interp","S08-Q3",3,4,"E10"
"C0118","08 Data Interp","S08-Q4",4,4,"E02"
"C0118","08 Data Interp","S08-Q5",4,4,"E09"
"C0118","09 Practical Skills","S09-Q1",4,4,"E02"
"C0118","09 Practical Skills","S09-Q2",4,4,"E11"
"C0118","09 Practical Skills","S09-Q3",4,4,"E11"
"C0118","09 Practical Skills","S09-Q4",4,4,"E08"
"C0118","09 Practical Skills","S09-Q5",4,4,"E07"
"C0118","10 Ethics","S10-Q1",3,4,"E07"
"C0118","10 Ethics","S10-Q2",3,4,"E03"
"C0118","10 Ethics","S10-Q3",4,4,"E08"
"C0118","10 Ethics","S10-Q4",4,4,"E10"
"C0118","10 Ethics","S10-Q5",4,4,"E12"
"C0119","01 History Taking","S01-Q1",2,4,"E05"
"C0119","01 History Taking","S01-Q2",2,4,"E08"
"C0119","01 History Taking","S01-Q3",0,4,"E11"
"C0119","01 History Taking","S01-Q4",0,4,"E08"
"C0119","01 History Taking","S01-Q5",0,4,"E11"
"C0119","02 Cardio Exam","S02-Q1",3,4,"E11"
"C0119","02 Cardio Exam","S02-Q2",2,4,"E08"
"C0119","02 Cardio Exam","S02-Q3",2,4,"E02"
"C0119","02 Cardio Exam","S02-Q4",3,4,"E10"
"C0119","02 Cardio Exam","S02-Q5",1,4,"E10"
"C0119","03 Resp Exam","S03-Q1",1,4,"E12"
"C0119","03 Resp Exam","S03-Q2",2,4,"E10"
"C0119","03 Resp Exam","S03-Q3",3,4,"E09"
"C0119","03 Resp Exam","S03-Q4",0,4,"E07"
"C0119","03 Resp Exam","S03-Q5",0,4,"E12"
"C0119","04 Abdo Exam","S04-Q1",1,4,"E11"
"C0119","04 Abdo Exam","S04-Q2",0,4,"E05"
"C0119","04 Abdo Exam","S04-Q3",0,4,"E03"
"C0119","04 Abdo Exam","S04-Q4",1,4,"E06"
"C0119","04 Abdo Exam","S04-Q5",1,4,"E01"
"C0119","05 Neuro Exam","S05-Q1",2,4,"E05"
"C0119","05 Neuro Exam","S05-Q2",1,4,"E03"
"C0119","05 Neuro Exam","S05-Q3",0,4,"E07"
"C0119","05 Neuro Exam","S05-Q4",2,4,"E04"
"C0119","05 Neuro Exam","S05-Q5",1,4,"E02"
"C0119","06 Communication","S06-Q1",0,4,"E02"
"C0119","06 Communication","S06-Q2",2,4,"E08"
"C0119","06 Communication","S06-Q3",2,4,"E09"
"C0119","06 Communication","S06-Q4",0,4,"E01"
"C0119","06 Communication","S06-Q5",2,4,"E01"
"C0119","07 Prescribing","S07-Q1",0,4,"E10"
"C0119","07 Prescribing","S07-Q2",1,4,"E10"
"C0119","07 Prescribing","S07-Q3",1,4,"E09"
"C0119","07 Prescribing","S07-Q4",2,4,"E02"
"C0119","07 Prescribing","S07-Q5",0,4,"E11"
"C0119","08 Data Interp","S08-Q1",1,4,"E07"
"C0119","08 Data Interp","S08-Q2",3,4,"E10"
"C0119","08 Data Interp","S08-Q3",1,4,"E07"
"C0119","08 Data Interp","S08-Q4",1,4,"E08"
"C0119","08 Data Interp","S08-Q5",2,4,"E12"
"C0119","09 Practical Skills","S09-Q1",1,4,"E04"
"C0119","09 Practical Skills","S09-Q2",1,4,"E11"
"C0119","09 Practical Skills","S09-Q3",2,4,"E03"
"C0119","09 Practical Skills","S09-Q4",3,4,"E03"
"C0119","09 Practical Skills","S09-Q5",2,4,"E04"
"C0119","10 Ethics","S10-Q1",0,4,"E02"
"C0119","10 Ethics","S10-Q2",0,4,"E09"
"C0119","10 Ethics","S10-Q3",0,4,"E03"
"C0119","10 Ethics","S10-Q4",1,4,"E08"
"C0119","10 Ethics","S10-Q5",1,4,"E09"
"C0120","01 History Taking","S01-Q1",2,4,"E06"
"C0120","01 History Taking","S01-Q2",1,4,"E07"
"C0120","01 History Taking","S01-Q3",3,4,"E11"
"C0120","01 History Taking","S01-Q4",3,4,"E10"
"C0120","01 History Taking","S01-Q5",1,4,"E03"
"C0120","02 Cardio Exam","S02-Q1",2,4,"E09"
"C0120","02 Cardio Exam","S02-Q2",4,4,"E01"
"C0120","02 Cardio Exam","S02-Q3",3,4,"E01"
"C0120","02 Cardio Exam","S02-Q4",2,4,"E03"
"C0120","02 Cardio Exam","S02-Q5",4,4,"E10"
"C0120","03 Resp Exam","S03-Q1",2,4,"E01"
"C0120","03 Resp Exam","S03-Q2",4,4,"E02"
"C0120","03 Resp Exam","S03-Q3",3,4,"E01"
"C0120","03 Resp Exam","S03-Q4",1,4,"E04"
"C0120","03 Resp Exam","S03-Q5",1,4,"E09"
"C0120","04 Abdo Exam","S04-Q1",2,4,"E12"
"C0120","04 Abdo Exam","S04-Q2",1,4,"E10"
"C0120","04 Abdo Exam","S04-Q3",2,4,"E12"
"C0120","04 Abdo Exam","S04-Q4",4,4,"E01"
"C0120","04 Abdo Exam","S04-Q5",3,4,"E02"
"C0120","05 Neuro Exam","S05-Q1",1,4,"E01"
"C0120","05 Neuro Exam","S05-Q2",3,4,"E08"
"C0120","05 Neuro Exam","S05-Q3",0,4,"E04"
"C0120","05 Neuro Exam","S05-Q4",2,4,"E11"
"C0120","05 Neuro Exam","S05-Q5",3,4,"E06"
"C0120","06 Communication","S06-Q1",2,4,"E01"
"C0120","06 Communication","S06-Q2",3,4,"E03"
"C0120","06 Communication","S06-Q3",1,4,"E09"
"C0120","06 Communication","S06-Q4",1,4,"E02"
"C0120","06 Communication","S06-Q5",4,4,"E03"
"C0120","07 Prescribing","S07-Q1",2,4,"E11"
"C0120","07 Prescribing","S07-Q2",2,4,"E09"
"C0120","07 Prescribing","S07-Q3",0,4,"E06"
"C0120","07 Prescribing","S07-Q4",2,4,"E09"
"C0120","07 Prescribing","S07-Q5",3,4,"E02"
"C0120","08 Data Interp","S08-Q1",1,4,"E06"
"C0120","08 Data Interp","S08-Q2",2,4,"E02"
"C0120","08 Data Interp","S08-Q3",3,4,"E11"
"C0120","08 Data Interp","S08-Q4",0,4,"E09"
"C0120","08 Data Interp","S08-Q5",1,4,"E08"
"C0120","09 Practical Skills","S09-Q1",3,4,"E03"
"C0120","09 Practical Skills","S09-Q2",3,4,"E01"
"C0120","09 Practical Skills","S09-Q3",2,4,"E07"
"C0120","09 Practical Skills","S09-Q4",3,4,"E06"
"C0120","09 Practical Skills","S09-Q5",3,4,"E03"
"C0120","10 Ethics","S10-Q1",1,4,"E06"
"C0120","10 Ethics","S10-Q2",0,4,"E01"
"C0120","10 Ethics","S10-Q3",2,4,"E06"
"C0120","10 Ethics","S10-Q4",3,4,"E03"
"C0120","10 Ethics","S10-Q5",1,4,"E01"
